指数,年月,地域,カテゴリ,数値,単位
指数,1990年8月,全国,0001 総合,89.5,
指数,1990年8月,全国,0002 食料,81.9,
指数,1990年8月,全国,0003 穀類,96.7,
指数,1990年8月,全国,0004 米類,116.4,
指数,1990年8月,全国,1001 うるち米Ａ,118.4,
指数,1990年8月,全国,1002 うるち米Ｂ,118.2,
指数,1990年8月,全国,0005 パン,82,
指数,1990年8月,全国,1021 食パン,84.4,
指数,1990年8月,全国,1022 あんパン,80.1,
指数,1990年8月,全国,0006 麺類,82.4,
指数,1990年8月,全国,1031 ゆでうどん,83.7,
指数,1990年8月,全国,1041 そうめん,72.6,
指数,1990年8月,全国,1042 スパゲッティ,84.8,
指数,1990年8月,全国,1051 カップ麺,81.5,
指数,1990年8月,全国,1052 中華麺,91.2,
指数,1990年8月,全国,0007 他の穀類,93.8,
指数,1990年8月,全国,1071 小麦粉,77.1,
指数,1990年8月,全国,1081 もち,104,
指数,1990年8月,全国,0008 魚介類,75.4,
指数,1990年8月,全国,0009 生鮮魚介,81.4,
指数,1990年8月,全国,1101 まぐろ,96.2,
指数,1990年8月,全国,1102 あじ,124,
指数,1990年8月,全国,1103 いわし,54.9,
指数,1990年8月,全国,1104 かつお,102.2,
指数,1990年8月,全国,1106 さけ,75.8,
指数,1990年8月,全国,1107 さば,65.3,
指数,1990年8月,全国,1108 さんま,52.3,
指数,1990年8月,全国,1110 たい,110,
指数,1990年8月,全国,1111 ぶり,83,
指数,1990年8月,全国,1112 いか,60.7,
指数,1990年8月,全国,1113 たこ,64.2,
指数,1990年8月,全国,1114 えび,97.5,
指数,1990年8月,全国,1131 あさり,66.1,
指数,1990年8月,全国,1133 ほたて貝,81.2,
指数,1990年8月,全国,0010 塩干魚介,71.2,
指数,1990年8月,全国,1141 塩さけ,79.9,
指数,1990年8月,全国,1142 たらこ,76.8,
指数,1990年8月,全国,1143 しらす干し,57.3,
指数,1990年8月,全国,1144 干しあじ,79.5,
指数,1990年8月,全国,1146 煮干し,77.5,
指数,1990年8月,全国,1150 ししゃも,61.6,
指数,1990年8月,全国,0011 魚肉練製品,69.1,
指数,1990年8月,全国,1151 揚げかまぼこ,67.2,
指数,1990年8月,全国,1152 ちくわ,72.3,
指数,1990年8月,全国,1153 かまぼこ,68.8,
指数,1990年8月,全国,0012 他の魚介加工品,63.1,
指数,1990年8月,全国,1161 かつお節,74.8,
指数,1990年8月,全国,1165 魚介漬物,58.5,
指数,1990年8月,全国,1166 魚介つくだ煮,61.7,
指数,1990年8月,全国,1173 魚介缶詰,64.3,
指数,1990年8月,全国,0013 肉類,73.4,
指数,1990年8月,全国,0014 生鮮肉,68.5,
指数,1990年8月,全国,1201 牛肉（国産品）,62.5,
指数,1990年8月,全国,1203 牛肉（輸入品）,70.1,
指数,1990年8月,全国,1211 豚肉（国産品）,68.9,
指数,1990年8月,全国,1221 鶏肉,74.1,
指数,1990年8月,全国,0015 加工肉,97.6,
指数,1990年8月,全国,1252 ハム,107.6,
指数,1990年8月,全国,1261 ソーセージ,97.1,
指数,1990年8月,全国,1271 ベーコン,79.1,
指数,1990年8月,全国,0016 乳卵類,87.6,
指数,1990年8月,全国,0017 牛乳・乳製品,89.7,
指数,1990年8月,全国,0018 牛乳,86,
指数,1990年8月,全国,1303 牛乳,97.1,
指数,1990年8月,全国,0019 乳製品,97.9,
指数,1990年8月,全国,1311 粉ミルク,82.2,
指数,1990年8月,全国,1333 ヨーグルト,116.8,
指数,1990年8月,全国,1321 バター,74.8,
指数,1990年8月,全国,1331 チーズ（国産品）,78,
指数,1990年8月,全国,0020 卵,80.3,
指数,1990年8月,全国,1341 鶏卵,80.3,
指数,1990年8月,全国,0021 野菜・海藻,78.5,
指数,1990年8月,全国,0022 生鮮野菜,81.7,
指数,1990年8月,全国,1401 キャベツ,103.2,
指数,1990年8月,全国,1402 ほうれんそう,103.3,
指数,1990年8月,全国,1403 はくさい,108.1,
指数,1990年8月,全国,1405 ねぎ,83.7,
指数,1990年8月,全国,1406 レタス,112.9,
指数,1990年8月,全国,1409 ブロッコリー,152.2,
指数,1990年8月,全国,1407 もやし,90,
指数,1990年8月,全国,1411 さつまいも,71.4,
指数,1990年8月,全国,1412 じゃがいも,59.3,
指数,1990年8月,全国,1413 さといも,69.6,
指数,1990年8月,全国,1414 だいこん,116.7,
指数,1990年8月,全国,1415 にんじん,72.5,
指数,1990年8月,全国,1416 ごぼう,60.6,
指数,1990年8月,全国,1417 たまねぎ,75.2,
指数,1990年8月,全国,1419 れんこん,109.6,
指数,1990年8月,全国,1420 ながいも,105.9,
指数,1990年8月,全国,1432 さやいんげん,60.1,
指数,1990年8月,全国,1433 かぼちゃ,52.8,
指数,1990年8月,全国,1434 きゅうり,76.2,
指数,1990年8月,全国,1435 なす,51.7,
指数,1990年8月,全国,1436 トマト,70.8,
指数,1990年8月,全国,1437 ピーマン,51.7,
指数,1990年8月,全国,1438 生しいたけ,141.1,
指数,1990年8月,全国,1442 えのきたけ,148.4,
指数,1990年8月,全国,0023 乾物・加工品類,74,
指数,1990年8月,全国,0024 乾物・海藻,58.6,
指数,1990年8月,全国,1453 干ししいたけ,64.5,
指数,1990年8月,全国,1461 干しのり,80,
指数,1990年8月,全国,1462 わかめ,48,
指数,1990年8月,全国,1463 こんぶ,50.2,
指数,1990年8月,全国,0025 大豆加工品,88.3,
指数,1990年8月,全国,1471 豆腐,85.3,
指数,1990年8月,全国,1472 油揚げ,86.9,
指数,1990年8月,全国,1473 納豆,91,
指数,1990年8月,全国,0026 他の野菜・海藻加工品,73.7,
指数,1990年8月,全国,1481 こんにゃく,102.7,
指数,1990年8月,全国,1482 梅干し,63.5,
指数,1990年8月,全国,1483 だいこん漬,65.5,
指数,1990年8月,全国,1486 はくさい漬,60.5,
指数,1990年8月,全国,1485 こんぶつくだ煮,68.5,
指数,1990年8月,全国,1491 野菜缶詰,100.7,
指数,1990年8月,全国,0027 果物,69.9,
指数,1990年8月,全国,0028 生鮮果物,69.1,
指数,1990年8月,全国,1515 オレンジ,97.1,
指数,1990年8月,全国,1521 梨,71.7,
指数,1990年8月,全国,1531 ぶどうＡ,58.4,
指数,1990年8月,全国,1532 ぶどうＢ,79,
指数,1990年8月,全国,1551 桃,61.4,
指数,1990年8月,全国,1561 すいか,65.9,
指数,1990年8月,全国,1563 メロン,76.8,
指数,1990年8月,全国,1581 バナナ,74.9,
指数,1990年8月,全国,1582 キウイフルーツ,70.8,
指数,1990年8月,全国,0029 果物加工品,86.8,
指数,1990年8月,全国,0030 油脂・調味料,103.4,
指数,1990年8月,全国,0031 油脂,129.4,
指数,1990年8月,全国,1601 食用油,143.3,
指数,1990年8月,全国,1602 マーガリン,89.6,
指数,1990年8月,全国,0032 調味料,100.4,
指数,1990年8月,全国,1611 食塩,64.9,
指数,1990年8月,全国,1621 しょう油,97.3,
指数,1990年8月,全国,1631 みそ,99.4,
指数,1990年8月,全国,1632 砂糖,112.6,
指数,1990年8月,全国,1633 酢,95.3,
指数,1990年8月,全国,1641 ソース,113.7,
指数,1990年8月,全国,1642 ケチャップ,157,
指数,1990年8月,全国,1643 マヨネーズ,119.2,
指数,1990年8月,全国,1652 カレールウ,95.9,
指数,1990年8月,全国,1653 乾燥スープ,88.7,
指数,1990年8月,全国,1654 風味調味料,107.6,
指数,1990年8月,全国,1656 ふりかけ,86.9,
指数,1990年8月,全国,1655 たれ,92.4,
指数,1990年8月,全国,0033 菓子類,75,
指数,1990年8月,全国,1701 ようかん,59,
指数,1990年8月,全国,1702 まんじゅう,72.7,
指数,1990年8月,全国,1711 カステラ,78.8,
指数,1990年8月,全国,1712 ケーキ,62.1,
指数,1990年8月,全国,1784 ゼリー,116.6,
指数,1990年8月,全国,1714 プリン,78,
指数,1990年8月,全国,1713 シュークリーム,88.9,
指数,1990年8月,全国,1741 せんべい,88.9,
指数,1990年8月,全国,1721 ビスケット,63.4,
指数,1990年8月,全国,1783 ポテトチップス,84.8,
指数,1990年8月,全国,1732 キャンデー,71.3,
指数,1990年8月,全国,1761 チョコレート,91.1,
指数,1990年8月,全国,1782 アイスクリーム,88,
指数,1990年8月,全国,1772 落花生,97.7,
指数,1990年8月,全国,1781 チューインガム,78.2,
指数,1990年8月,全国,0034 調理食品,76.8,
指数,1990年8月,全国,0035 主食的調理食品,78.1,
指数,1990年8月,全国,1791 弁当Ａ,73.5,
指数,1990年8月,全国,1792 調理パン,73.3,
指数,1990年8月,全国,0036 他の調理食品,75.6,
指数,1990年8月,全国,1801 うなぎかば焼き,47.5,
指数,1990年8月,全国,1811 サラダ,64.9,
指数,1990年8月,全国,1821 コロッケ,76,
指数,1990年8月,全国,1831 豚カツ,78.4,
指数,1990年8月,全国,1881 ぎょうざ,94.3,
指数,1990年8月,全国,1851 冷凍調理コロッケ,81.1,
指数,1990年8月,全国,1871 調理カレー,106.1,
指数,1990年8月,全国,0037 飲料,105,
指数,1990年8月,全国,0038 茶類,107.7,
指数,1990年8月,全国,1902 緑茶,85.7,
指数,1990年8月,全国,1911 紅茶,115.8,
指数,1990年8月,全国,0039 コーヒー・ココア,102,
指数,1990年8月,全国,1921 インスタントコーヒー,92.7,
指数,1990年8月,全国,1922 コーヒー豆,102.5,
指数,1990年8月,全国,0040 他の飲料,105.6,
指数,1990年8月,全国,1931 果汁入り飲料,115.3,
指数,1990年8月,全国,1941 野菜ジュース,90.5,
指数,1990年8月,全国,1951 炭酸飲料,122.9,
指数,1990年8月,全国,1972 乳酸菌飲料,73.8,
指数,1990年8月,全国,0041 酒類,100.3,
指数,1990年8月,全国,2003 清酒,107.5,
指数,1990年8月,全国,2011 焼酎,74.8,
指数,1990年8月,全国,2021 ビール,100.9,
指数,1990年8月,全国,2033 ウイスキー,123.7,
指数,1990年8月,全国,2041 ワイン（国産品）,126.5,
指数,1990年8月,全国,2042 ワイン（輸入品）,102.2,
指数,1990年8月,全国,0042 外食,78,
指数,1990年8月,全国,0043 一般外食,78.1,
指数,1990年8月,全国,2101 うどん（外食）,67.7,
指数,1990年8月,全国,2102 中華そば（外食）,70.1,
指数,1990年8月,全国,2112 スパゲッティ（外食）,75.4,
指数,1990年8月,全国,2121 すし（外食）Ｂ,72.9,
指数,1990年8月,全国,2132 天丼（外食）,76.4,
指数,1990年8月,全国,2133 カレーライス（外食）,73.8,
指数,1990年8月,全国,2142 豚カツ定食（外食）,82.9,
指数,1990年8月,全国,2134 ぎょうざ（外食）,80.1,
指数,1990年8月,全国,2141 ハンバーグ（外食）,81.9,
指数,1990年8月,全国,2135 ハンバーガー（外食）,128.9,
指数,1990年8月,全国,2161 サンドイッチ（外食）,77.1,
指数,1990年8月,全国,2162 コーヒー（外食）Ａ,76.5,
指数,1990年8月,全国,2171 ビール（外食）,78.1,
指数,1990年8月,全国,0044 学校給食,77.8,
指数,1990年8月,全国,2182 学校給食（小学校）,77.1,
指数,1990年8月,全国,2183 学校給食（中学校）,78.8,
指数,1990年8月,全国,0045 住居,86.3,
指数,1990年8月,全国,0046 家賃,88.3,
指数,1990年8月,全国,0047 民営家賃,93.7,
指数,1990年8月,全国,3000 民営家賃,93.7,
指数,1990年8月,全国,0048 公営・都市再生機構・公社家賃,86.8,
指数,1990年8月,全国,3016 公営家賃,91.5,
指数,1990年8月,全国,3017 都市再生機構・公社家賃,81.5,
指数,1990年8月,全国,0050 持家の帰属家賃,87.2,
指数,1990年8月,全国,3030 持家の帰属家賃,87.2,
指数,1990年8月,全国,0051 設備修繕・維持,74.5,
指数,1990年8月,全国,0052 設備材料,105,
指数,1990年8月,全国,3101 システムバス,96.7,
指数,1990年8月,全国,3121 修繕材料,65.3,
指数,1990年8月,全国,0053 工事その他のサービス,68.1,
指数,1990年8月,全国,3151 畳替え代,69.3,
指数,1990年8月,全国,3176 水道工事費,47.3,
指数,1990年8月,全国,3175 塀工事費,65.4,
指数,1990年8月,全国,3174 植木職手間代,66.1,
指数,1990年8月,全国,3171 ふすま張替費,65.7,
指数,1990年8月,全国,3172 大工手間代,76.1,
指数,1990年8月,全国,3180 火災・地震保険料,79,
指数,1990年8月,全国,0054 光熱・水道,77.4,
指数,1990年8月,全国,0056 電気代,93.6,
指数,1990年8月,全国,3500 電気代,93.6,
指数,1990年8月,全国,0057 ガス代,74.1,
指数,1990年8月,全国,3600 都市ガス代,88.3,
指数,1990年8月,全国,3612 プロパンガス,58.9,
指数,1990年8月,全国,0058 他の光熱,48.9,
指数,1990年8月,全国,3701 灯油,48.9,
指数,1990年8月,全国,0059 上下水道料,66.4,
指数,1990年8月,全国,3810 水道料,71.2,
指数,1990年8月,全国,4610 下水道料,57.6,
指数,1990年8月,全国,0060 家具・家事用品,150.5,
指数,1990年8月,全国,0061 家庭用耐久財,341,
指数,1990年8月,全国,0062 家事用耐久財,765.7,
指数,1990年8月,全国,4003 電子レンジ,1186.4,
指数,1990年8月,全国,4002 電気炊飯器,400.4,
指数,1990年8月,全国,4011 ガステーブル,190.9,
指数,1990年8月,全国,4021 電気冷蔵庫,2013.1,
指数,1990年8月,全国,4032 電気掃除機,774.4,
指数,1990年8月,全国,4042 電気洗濯機（全自動洗濯機）,900.9,
指数,1990年8月,全国,0063 冷暖房用器具,281.2,
指数,1990年8月,全国,4063 ルームエアコン,389,
指数,1990年8月,全国,4072 温風ヒーター,186.8,
指数,1990年8月,全国,0064 一般家具,94,
指数,1990年8月,全国,4092 食堂セット,86.1,
指数,1990年8月,全国,4083 食器戸棚,102.1,
指数,1990年8月,全国,0066 室内装備品,146.8,
指数,1990年8月,全国,4115 照明器具,403.7,
指数,1990年8月,全国,4121 カーペット,139.3,
指数,1990年8月,全国,4141 カーテン,106.7,
指数,1990年8月,全国,0070 寝具類,120.2,
指数,1990年8月,全国,4201 ベッド,93,
指数,1990年8月,全国,4211 布団,141.8,
指数,1990年8月,全国,4251 敷布,95.6,
指数,1990年8月,全国,4271 布団カバー,128.5,
指数,1990年8月,全国,0073 家事雑貨,82.6,
指数,1990年8月,全国,0074 食器類,69.3,
指数,1990年8月,全国,4301 茶わん,65.5,
指数,1990年8月,全国,4302 皿,70.9,
指数,1990年8月,全国,0075 台所用品,80.8,
指数,1990年8月,全国,4331 鍋,84.8,
指数,1990年8月,全国,4342 スポンジたわし,71.3,
指数,1990年8月,全国,0076 他の家事雑貨,96.7,
指数,1990年8月,全国,4352 電球・ランプ,85.6,
指数,1990年8月,全国,4361 タオル,81.1,
指数,1990年8月,全国,0077 家事用消耗品,130.9,
指数,1990年8月,全国,0078 ティシュ・トイレットペーパー,117,
指数,1990年8月,全国,4412 ティシュペーパー,140.5,
指数,1990年8月,全国,4413 トイレットペーパー,103.7,
指数,1990年8月,全国,0079 洗剤,174.4,
指数,1990年8月,全国,4431 台所用洗剤,155.4,
指数,1990年8月,全国,4441 洗濯用洗剤,193.6,
指数,1990年8月,全国,0080 他の家事用消耗品,109.9,
指数,1990年8月,全国,4401 ラップ,121.7,
指数,1990年8月,全国,4451 殺虫剤,91.2,
指数,1990年8月,全国,4442 柔軟仕上剤,160.3,
指数,1990年8月,全国,0081 家事サービス,76.7,
指数,1990年8月,全国,0174 家事代行料,72.8,
指数,1990年8月,全国,4501 家事代行料,72.8,
指数,1990年8月,全国,0175 清掃代,72.3,
指数,1990年8月,全国,0176 他の家事サービス,93.7,
指数,1990年8月,全国,4701 モップレンタル料,93.7,
指数,1990年8月,全国,0082 被服及び履物,86.1,
指数,1990年8月,全国,0083 衣料,90.2,
指数,1990年8月,全国,0084 和服,96,
指数,1990年8月,全国,5011 婦人用着物,102.5,
指数,1990年8月,全国,5041 婦人用帯,84.2,
指数,1990年8月,全国,0085 洋服,89.6,
指数,1990年8月,全国,0086 男子用洋服,86,
指数,1990年8月,全国,5101 背広服（春夏物，中級品）,75.8,
指数,1990年8月,全国,5102 背広服（秋冬物，中級品）,90.5,
指数,1990年8月,全国,5111 男子用上着,81.8,
指数,1990年8月,全国,5122 男子用ズボン（春夏物）,76.2,
指数,1990年8月,全国,5121 男子用ズボン（秋冬物）,79.5,
指数,1990年8月,全国,5123 男子用ズボン（ジーンズ）,81.7,
指数,1990年8月,全国,5131 男子用コート,100.2,
指数,1990年8月,全国,5141 男子用学校制服,69.3,
指数,1990年8月,全国,0087 婦人用洋服,80.4,
指数,1990年8月,全国,5166 婦人用スーツ（春夏物，中級品）,59.9,
指数,1990年8月,全国,5162 婦人用スーツ（秋冬物，中級品）,80,
指数,1990年8月,全国,5161 ワンピース（春夏物）,64.7,
指数,1990年8月,全国,5163 ワンピース（秋冬物）,86.7,
指数,1990年8月,全国,5183 婦人用上着,88.2,
指数,1990年8月,全国,5169 スカート（春夏物）,60.5,
指数,1990年8月,全国,5172 スカート（秋冬物）,75.5,
指数,1990年8月,全国,5181 婦人用スラックス（秋冬物）,66.9,
指数,1990年8月,全国,5179 婦人用スラックス（ジーンズ）,108.7,
指数,1990年8月,全国,5182 婦人用コート,102.8,
指数,1990年8月,全国,5184 女子用学校制服,69.4,
指数,1990年8月,全国,0088 子供用洋服,165.2,
指数,1990年8月,全国,5193 乳児服,93.6,
指数,1990年8月,全国,0089 シャツ・セーター・下着類,82.9,
指数,1990年8月,全国,0090 シャツ・セーター類,86.6,
指数,1990年8月,全国,0091 男子用シャツ・セーター類,89.5,
指数,1990年8月,全国,5202 ワイシャツ,106.6,
指数,1990年8月,全国,5211 男子用スポーツシャツ（長袖）,86,
指数,1990年8月,全国,5212 男子用スポーツシャツ（半袖）,79.2,
指数,1990年8月,全国,5221 男子用セーター,93.6,
指数,1990年8月,全国,0092 婦人用シャツ・セーター類,85.2,
指数,1990年8月,全国,5231 ブラウス（長袖）,94.8,
指数,1990年8月,全国,5232 ブラウス（半袖）,85.6,
指数,1990年8月,全国,5233 婦人用Ｔシャツ（長袖）,89.8,
指数,1990年8月,全国,5234 婦人用Ｔシャツ（半袖）,68.5,
指数,1990年8月,全国,5241 婦人用セーター（長袖）,93.1,
指数,1990年8月,全国,5242 婦人用セーター（半袖）,68.7,
指数,1990年8月,全国,0093 子供用シャツ・セーター類,86,
指数,1990年8月,全国,5243 子供用Ｔシャツ（長袖）,100.9,
指数,1990年8月,全国,5244 子供用Ｔシャツ（半袖）,70.7,
指数,1990年8月,全国,0094 下着類,74.4,
指数,1990年8月,全国,0095 男子用下着類,81.5,
指数,1990年8月,全国,5301 男子用シャツ（半袖）,83.3,
指数,1990年8月,全国,5311 男子用パンツ,69.2,
指数,1990年8月,全国,5331 男子用パジャマ,101.6,
指数,1990年8月,全国,0096 婦人用下着類,68.4,
指数,1990年8月,全国,5341 ブラジャー,71.8,
指数,1990年8月,全国,5351 婦人用ショーツ,65.1,
指数,1990年8月,全国,5361 ランジェリー,76.5,
指数,1990年8月,全国,0097 子供用下着類,77.4,
指数,1990年8月,全国,5372 子供用下着,77.4,
指数,1990年8月,全国,0098 履物類,82.7,
指数,1990年8月,全国,5601 男子靴,86.6,
指数,1990年8月,全国,5611 婦人靴,89.4,
指数,1990年8月,全国,5641 子供靴,82.6,
指数,1990年8月,全国,5631 運動靴,75.6,
指数,1990年8月,全国,5671 サンダル,70.6,
指数,1990年8月,全国,0103 他の被服,92.6,
指数,1990年8月,全国,5501 帽子,78.8,
指数,1990年8月,全国,5511 ネクタイ,146.9,
指数,1990年8月,全国,5521 男子用靴下,89.9,
指数,1990年8月,全国,5531 婦人用ストッキング,102.1,
指数,1990年8月,全国,5541 婦人用ソックス,92.9,
指数,1990年8月,全国,5571 ベルト,92.7,
指数,1990年8月,全国,0106 被服関連サービス,72.4,
指数,1990年8月,全国,5711 クリーニング代Ａ,74.6,
指数,1990年8月,全国,5712 クリーニング代Ｂ,70.4,
指数,1990年8月,全国,5721 履物修理代,65.8,
指数,1990年8月,全国,0107 保健医療,81.8,
指数,1990年8月,全国,0108 医薬品・健康保持用摂取品,105.9,
指数,1990年8月,全国,6001 総合かぜ薬,114.6,
指数,1990年8月,全国,6002 解熱鎮痛剤,114.1,
指数,1990年8月,全国,6012 胃腸薬,124.3,
指数,1990年8月,全国,6021 ビタミン剤Ａ,80.3,
指数,1990年8月,全国,6022 ビタミン剤Ｂ,135.9,
指数,1990年8月,全国,6031 ドリンク剤,91.2,
指数,1990年8月,全国,6051 皮膚病薬,105.4,
指数,1990年8月,全国,6061 はり薬,94.3,
指数,1990年8月,全国,6091 漢方薬,113.5,
指数,1990年8月,全国,0109 保健医療用品・器具,135,
指数,1990年8月,全国,6141 紙おむつ（乳幼児用）,211.5,
指数,1990年8月,全国,6101 生理用ナプキン,131.8,
指数,1990年8月,全国,6095 入浴剤,204.2,
指数,1990年8月,全国,6121 眼鏡,103.2,
指数,1990年8月,全国,6161 コンタクトレンズ,123.6,
指数,1990年8月,全国,6171 血圧計,173,
指数,1990年8月,全国,0110 保健医療サービス,58.7,
指数,1990年8月,全国,6200 診療代,59.7,
指数,1990年8月,全国,6221 マッサージ料金,81,
指数,1990年8月,全国,0111 交通・通信,101.5,
指数,1990年8月,全国,0112 交通,79.8,
指数,1990年8月,全国,0179 鉄道運賃（ＪＲ）,93.3,
指数,1990年8月,全国,7527 普通運賃（ＪＲ）,91.8,
指数,1990年8月,全国,7528 料金（ＪＲ，在来線）,98.5,
指数,1990年8月,全国,7530 料金（ＪＲ，新幹線）,99.7,
指数,1990年8月,全国,7029 通学定期（ＪＲ）,91.2,
指数,1990年8月,全国,7030 通勤定期（ＪＲ）,92.3,
指数,1990年8月,全国,0180 鉄道運賃（ＪＲ以外）,73.6,
指数,1990年8月,全国,7008 普通運賃（ＪＲ以外）,75.5,
指数,1990年8月,全国,7009 通学定期（ＪＲ以外）,72.3,
指数,1990年8月,全国,7010 通勤定期（ＪＲ以外）,70.2,
指数,1990年8月,全国,7050 一般路線バス代,78.6,
指数,1990年8月,全国,7060 タクシー代,64.6,
指数,1990年8月,全国,7070 航空運賃,88.4,
指数,1990年8月,全国,0182 有料道路料,67.3,
指数,1990年8月,全国,0113 自動車等関係費,94.7,
指数,1990年8月,全国,0114 自動車,96.6,
指数,1990年8月,全国,7105 軽乗用車,99.5,
指数,1990年8月,全国,7106 小型乗用車,93,
指数,1990年8月,全国,0115 自転車,87.5,
指数,1990年8月,全国,7201 自転車Ａ,84.5,
指数,1990年8月,全国,0116 自動車等維持,94.4,
指数,1990年8月,全国,7301 ガソリン,90.1,
指数,1990年8月,全国,7311 自動車タイヤ,89.3,
指数,1990年8月,全国,7331 自動車整備費（定期点検）,94.1,
指数,1990年8月,全国,7335 自動車整備費（パンク修理）,68.9,
指数,1990年8月,全国,7341 自動車オイル交換料,76.3,
指数,1990年8月,全国,7342 車庫借料,83.9,
指数,1990年8月,全国,7343 駐車料金,90.9,
指数,1990年8月,全国,7351 自動車免許手数料,79,
指数,1990年8月,全国,7370 自動車保険料（自賠責）,167.2,
指数,1990年8月,全国,7390 自動車保険料（任意）,80,
指数,1990年8月,全国,0117 通信,156.8,
指数,1990年8月,全国,7401 はがき,65.1,
指数,1990年8月,全国,7402 封書,73.8,
指数,1990年8月,全国,7410 通信料（固定電話）,136.4,
指数,1990年8月,全国,7433 運送料,80,
指数,1990年8月,全国,0118 教育,82.7,
指数,1990年8月,全国,0119 授業料等,90.9,
指数,1990年8月,全国,8001 ＰＴＡ会費（小学校）,72.7,
指数,1990年8月,全国,8002 ＰＴＡ会費（中学校）,76.5,
指数,1990年8月,全国,8010 中学校授業料（私立）,69.4,
指数,1990年8月,全国,8020 高等学校授業料（公立）,277.8,
指数,1990年8月,全国,8030 高等学校授業料（私立）,85.6,
指数,1990年8月,全国,8040 大学授業料（国立）,64.4,
指数,1990年8月,全国,8060 大学授業料（私立）,68.8,
指数,1990年8月,全国,0120 教科書・学習参考教材,66,
指数,1990年8月,全国,8100 学習参考教材,62.6,
指数,1990年8月,全国,0121 補習教育,67.5,
指数,1990年8月,全国,8201 補習教育（中学校）,70.6,
指数,1990年8月,全国,0122 教養娯楽,109.6,
指数,1990年8月,全国,0123 教養娯楽用耐久財,1632.3,
指数,1990年8月,全国,9043 カメラ,2495.7,
指数,1990年8月,全国,9051 ピアノ,71.6,
指数,1990年8月,全国,9061 学習用机,73.6,
指数,1990年8月,全国,0128 教養娯楽用品,99.5,
指数,1990年8月,全国,0129 文房具,76.5,
指数,1990年8月,全国,9111 ボールペン,88.6,
指数,1990年8月,全国,9121 ノートブック,66.8,
指数,1990年8月,全国,0130 運動用具類,105.1,
指数,1990年8月,全国,9142 ゴルフクラブ,145.1,
指数,1990年8月,全国,9141 グローブ,62.7,
指数,1990年8月,全国,9143 テニスラケット,102.3,
指数,1990年8月,全国,9144 釣ざお,64.2,
指数,1990年8月,全国,9145 トレーニングパンツ,126,
指数,1990年8月,全国,0131 玩具,163.7,
指数,1990年8月,全国,9151 人形,119.9,
指数,1990年8月,全国,9152 玩具自動車,75.2,
指数,1990年8月,全国,9153 組立玩具,99.9,
指数,1990年8月,全国,0132 切り花,88.7,
指数,1990年8月,全国,9181 切り花（カーネーション）,89.2,
指数,1990年8月,全国,9182 切り花（きく）,90.3,
指数,1990年8月,全国,0133 他の教養娯楽用品,95,
指数,1990年8月,全国,9172 コンパクトディスク,96.6,
指数,1990年8月,全国,9193 ペットフード（ドッグフード）,100.6,
指数,1990年8月,全国,9195 電池,94.2,
指数,1990年8月,全国,0134 書籍・他の印刷物,68.8,
指数,1990年8月,全国,0135 新聞代,73.6,
指数,1990年8月,全国,0136 雑誌,68.9,
指数,1990年8月,全国,9230 週刊誌,59,
指数,1990年8月,全国,0137 書籍,57.2,
指数,1990年8月,全国,9261 単行本Ａ,58.8,
指数,1990年8月,全国,9263 単行本Ｂ,51.7,
指数,1990年8月,全国,0138 教養娯楽サービス,86.1,
指数,1990年8月,全国,0139 宿泊料,98.7,
指数,1990年8月,全国,9300 宿泊料,98.7,
指数,1990年8月,全国,0140 月謝類,69.5,
指数,1990年8月,全国,9326 講習料（音楽）,76.8,
指数,1990年8月,全国,9313 講習料（水泳）,70.6,
指数,1990年8月,全国,9320 自動車教習料,65.3,
指数,1990年8月,全国,0141 他の教養娯楽サービス,95.1,
指数,1990年8月,全国,0142 放送受信料,99.6,
指数,1990年8月,全国,9330 放送受信料（ＮＨＫ）,103.1,
指数,1990年8月,全国,0143 入場・観覧・ゲーム代,91.5,
指数,1990年8月,全国,9341 映画観覧料,88.5,
指数,1990年8月,全国,9350 プロ野球観覧料,66.4,
指数,1990年8月,全国,9353 ゴルフ練習料金,95.2,
指数,1990年8月,全国,9361 ボウリングゲーム代,73.9,
指数,1990年8月,全国,9372 テーマパーク入場料,61.5,
指数,1990年8月,全国,0144 他の娯楽サービス,106.3,
指数,1990年8月,全国,9391 ビデオソフトレンタル料,188.8,
指数,1990年8月,全国,0145 諸雑費,79.9,
指数,1990年8月,全国,0146 理美容サービス,77.8,
指数,1990年8月,全国,9511 理髪料,79.1,
指数,1990年8月,全国,9521 パーマネント代,76.4,
指数,1990年8月,全国,9531 カット代,73,
指数,1990年8月,全国,0147 理美容用品,106.8,
指数,1990年8月,全国,0148 理容器具,227.3,
指数,1990年8月,全国,9602 電気かみそり,409.2,
指数,1990年8月,全国,9611 歯ブラシ,125.7,
指数,1990年8月,全国,0149 石けん類,111.1,
指数,1990年8月,全国,9621 手洗い用石けん,112.8,
指数,1990年8月,全国,9622 シャンプー,99.1,
指数,1990年8月,全国,9623 歯磨き,130.5,
指数,1990年8月,全国,0150 化粧品,99.7,
指数,1990年8月,全国,9631 整髪料,105.4,
指数,1990年8月,全国,9641 養毛剤,110.7,
指数,1990年8月,全国,9650 化粧クリームＡ,94.8,
指数,1990年8月,全国,9661 化粧水Ｂ,101.6,
指数,1990年8月,全国,9690 乳液Ａ,87.5,
指数,1990年8月,全国,9670 ファンデーションＡ,93.6,
指数,1990年8月,全国,9680 口紅Ａ,83.1,
指数,1990年8月,全国,0151 身の回り用品,66.3,
指数,1990年8月,全国,0152 かばん類,61.5,
指数,1990年8月,全国,9721 バッグＡ,110.3,
指数,1990年8月,全国,9711 通学用かばん,49.1,
指数,1990年8月,全国,9731 旅行用かばん,127.1,
指数,1990年8月,全国,0153 腕時計・指輪,72.6,
指数,1990年8月,全国,9741 指輪,52.1,
指数,1990年8月,全国,9751 腕時計,97.6,
指数,1990年8月,全国,0154 他の身の回り用品,86.9,
指数,1990年8月,全国,9701 傘,99.5,
指数,1990年8月,全国,9761 ハンカチーフ,73.2,
指数,1990年8月,全国,0155 たばこ,45.5,
指数,1990年8月,全国,9799 たばこ（国産品）,44.3,
指数,1990年8月,全国,9798 たばこ（輸入品）,48.7,
指数,1990年8月,全国,0156 他の諸雑費,65.6,
指数,1990年8月,全国,9901 行政証明書手数料,62.9,
指数,1990年8月,全国,0157 生鮮食品,78.5,
指数,1990年8月,全国,0158 生鮮魚介（再掲）,81.4,
指数,1990年8月,全国,0159 生鮮野菜（再掲）,81.7,
指数,1990年8月,全国,0160 生鮮果物（再掲）,69.1,
指数,1990年8月,全国,0161 生鮮食品を除く総合,89.8,
指数,1990年8月,全国,0172 生鮮食品を除く食料,82.4,
指数,1990年8月,全国,0163 持家の帰属家賃を除く総合,89.6,
指数,1990年8月,全国,0164 持家の帰属家賃を除く住居,83.5,
指数,1990年8月,全国,0165 持家の帰属家賃を除く家賃,92.6,
指数,1990年8月,全国,0166 持家の帰属家賃及び生鮮食品を除く総合,90.1,
指数,1990年8月,全国,0167 エネルギー,83.2,
指数,1990年8月,全国,0178 生鮮食品及びエネルギーを除く総合,90.7,
指数,1990年8月,全国,0168 食料（酒類を除く）及びエネルギーを除く総合,93.7,
指数,1990年8月,全国,0162 教育関係費,80.7,
指数,1990年8月,全国,0173 教養娯楽関係費,108,
指数,1990年8月,全国,0201 総合,89.5,
指数,1990年8月,全国,0202 財,93.6,
指数,1990年8月,全国,0241 生鮮食品を除く財,95,
指数,1990年8月,全国,0203 農水畜産物,80.3,
指数,1990年8月,全国,0204 生鮮商品,76.6,
指数,1990年8月,全国,0205 他の農水畜産物,114.1,
指数,1990年8月,全国,0206 米類,116.4,
指数,1990年8月,全国,0207 工業製品,99.2,
指数,1990年8月,全国,0208 食料工業製品,84.3,
指数,1990年8月,全国,0211 繊維製品,91.5,
指数,1990年8月,全国,0214 石油製品,74.9,
指数,1990年8月,全国,0215 他の工業製品,132.6,
指数,1990年8月,全国,0218 電気・都市ガス・水道,86.9,
指数,1990年8月,全国,0219 出版物,68.8,
指数,1990年8月,全国,0220 サービス,84.9,
指数,1990年8月,全国,0242 持家の帰属家賃を除くサービス,83.8,
指数,1990年8月,全国,0221 公共サービス,88.5,
指数,1990年8月,全国,0222 公営・都市再生機構・公社家賃,86.8,
指数,1990年8月,全国,0223 家事関連サービス,79.6,
指数,1990年8月,全国,0224 医療・福祉関連サービス,69.1,
指数,1990年8月,全国,0225 運輸・通信関連サービス,93.6,
指数,1990年8月,全国,0226 教育関連サービス,407.2,
指数,1990年8月,全国,0227 教養娯楽関連サービス,98,
指数,1990年8月,全国,0228 一般サービス,83.5,
指数,1990年8月,全国,0229 外食,77.7,
指数,1990年8月,全国,0230 民営家賃,93.7,
指数,1990年8月,全国,0231 持家の帰属家賃,87.2,
指数,1990年8月,全国,0232 他のサービス,80.3,
指数,1990年8月,全国,0233 家事関連サービス,75.4,
指数,1990年8月,全国,0234 医療・福祉関連サービス,52.5,
指数,1990年8月,全国,0235 教育関連サービス,69.4,
指数,1990年8月,全国,0236 通信・教養娯楽関連サービス,94.1,
指数,1990年8月,全国,0237 耐久消費財,221.4,
指数,1990年8月,全国,0238 半耐久消費財,88.6,
指数,1990年8月,全国,0239 非耐久消費財,84.1,
指数,1990年8月,全国,0240 公共料金,87.1,
前月比・前年比・前年度比,1990年8月,全国,0001 総合,0.4,%
前月比・前年比・前年度比,1990年8月,全国,0002 食料,1.4,%
前月比・前年比・前年度比,1990年8月,全国,0003 穀類,0.2,%
前月比・前年比・前年度比,1990年8月,全国,0004 米類,0.0,%
前月比・前年比・前年度比,1990年8月,全国,1001 うるち米Ａ,0.0,%
前月比・前年比・前年度比,1990年8月,全国,1002 うるち米Ｂ,0.0,%
前月比・前年比・前年度比,1990年8月,全国,0005 パン,0.1,%
前月比・前年比・前年度比,1990年8月,全国,1021 食パン,0.1,%
前月比・前年比・前年度比,1990年8月,全国,1022 あんパン,0.1,%
前月比・前年比・前年度比,1990年8月,全国,0006 麺類,1.7,%
前月比・前年比・前年度比,1990年8月,全国,1031 ゆでうどん,1.3,%
前月比・前年比・前年度比,1990年8月,全国,1041 そうめん,0.2,%
前月比・前年比・前年度比,1990年8月,全国,1042 スパゲッティ,0.5,%
前月比・前年比・前年度比,1990年8月,全国,1051 カップ麺,4.0,%
前月比・前年比・前年度比,1990年8月,全国,1052 中華麺,0.4,%
前月比・前年比・前年度比,1990年8月,全国,0007 他の穀類,-0.6,%
前月比・前年比・前年度比,1990年8月,全国,1071 小麦粉,-0.2,%
前月比・前年比・前年度比,1990年8月,全国,1081 もち,-0.7,%
前月比・前年比・前年度比,1990年8月,全国,0008 魚介類,2.4,%
前月比・前年比・前年度比,1990年8月,全国,0009 生鮮魚介,3.7,%
前月比・前年比・前年度比,1990年8月,全国,1101 まぐろ,1.4,%
前月比・前年比・前年度比,1990年8月,全国,1102 あじ,14.2,%
前月比・前年比・前年度比,1990年8月,全国,1103 いわし,14.0,%
前月比・前年比・前年度比,1990年8月,全国,1104 かつお,10.2,%
前月比・前年比・前年度比,1990年8月,全国,1106 さけ,-6.7,%
前月比・前年比・前年度比,1990年8月,全国,1107 さば,1.5,%
前月比・前年比・前年度比,1990年8月,全国,1108 さんま,11.6,%
前月比・前年比・前年度比,1990年8月,全国,1110 たい,3.7,%
前月比・前年比・前年度比,1990年8月,全国,1111 ぶり,0.7,%
前月比・前年比・前年度比,1990年8月,全国,1112 いか,4.6,%
前月比・前年比・前年度比,1990年8月,全国,1113 たこ,2.4,%
前月比・前年比・前年度比,1990年8月,全国,1114 えび,0.8,%
前月比・前年比・前年度比,1990年8月,全国,1131 あさり,2.6,%
前月比・前年比・前年度比,1990年8月,全国,1133 ほたて貝,5.0,%
前月比・前年比・前年度比,1990年8月,全国,0010 塩干魚介,0.5,%
前月比・前年比・前年度比,1990年8月,全国,1141 塩さけ,0.3,%
前月比・前年比・前年度比,1990年8月,全国,1142 たらこ,-0.4,%
前月比・前年比・前年度比,1990年8月,全国,1143 しらす干し,0.6,%
前月比・前年比・前年度比,1990年8月,全国,1144 干しあじ,2.4,%
前月比・前年比・前年度比,1990年8月,全国,1146 煮干し,0.6,%
前月比・前年比・前年度比,1990年8月,全国,1150 ししゃも,-0.2,%
前月比・前年比・前年度比,1990年8月,全国,0011 魚肉練製品,1.1,%
前月比・前年比・前年度比,1990年8月,全国,1151 揚げかまぼこ,1.5,%
前月比・前年比・前年度比,1990年8月,全国,1152 ちくわ,0.9,%
前月比・前年比・前年度比,1990年8月,全国,1153 かまぼこ,1.1,%
前月比・前年比・前年度比,1990年8月,全国,0012 他の魚介加工品,0.5,%
前月比・前年比・前年度比,1990年8月,全国,1161 かつお節,0.0,%
前月比・前年比・前年度比,1990年8月,全国,1165 魚介漬物,0.2,%
前月比・前年比・前年度比,1990年8月,全国,1166 魚介つくだ煮,0.5,%
前月比・前年比・前年度比,1990年8月,全国,1173 魚介缶詰,1.3,%
前月比・前年比・前年度比,1990年8月,全国,0013 肉類,0.3,%
前月比・前年比・前年度比,1990年8月,全国,0014 生鮮肉,0.4,%
前月比・前年比・前年度比,1990年8月,全国,1201 牛肉（国産品）,0.0,%
前月比・前年比・前年度比,1990年8月,全国,1203 牛肉（輸入品）,0.4,%
前月比・前年比・前年度比,1990年8月,全国,1211 豚肉（国産品）,0.8,%
前月比・前年比・前年度比,1990年8月,全国,1221 鶏肉,-0.3,%
前月比・前年比・前年度比,1990年8月,全国,0015 加工肉,0.6,%
前月比・前年比・前年度比,1990年8月,全国,1252 ハム,0.7,%
前月比・前年比・前年度比,1990年8月,全国,1261 ソーセージ,0.5,%
前月比・前年比・前年度比,1990年8月,全国,1271 ベーコン,0.2,%
前月比・前年比・前年度比,1990年8月,全国,0016 乳卵類,2.2,%
前月比・前年比・前年度比,1990年8月,全国,0017 牛乳・乳製品,0.2,%
前月比・前年比・前年度比,1990年8月,全国,0018 牛乳,0.1,%
前月比・前年比・前年度比,1990年8月,全国,1303 牛乳,0.2,%
前月比・前年比・前年度比,1990年8月,全国,0019 乳製品,0.4,%
前月比・前年比・前年度比,1990年8月,全国,1311 粉ミルク,0.0,%
前月比・前年比・前年度比,1990年8月,全国,1333 ヨーグルト,0.2,%
前月比・前年比・前年度比,1990年8月,全国,1321 バター,0.5,%
前月比・前年比・前年度比,1990年8月,全国,1331 チーズ（国産品）,0.9,%
前月比・前年比・前年度比,1990年8月,全国,0020 卵,9.6,%
前月比・前年比・前年度比,1990年8月,全国,1341 鶏卵,9.6,%
前月比・前年比・前年度比,1990年8月,全国,0021 野菜・海藻,5.7,%
前月比・前年比・前年度比,1990年8月,全国,0022 生鮮野菜,9.1,%
前月比・前年比・前年度比,1990年8月,全国,1401 キャベツ,20.4,%
前月比・前年比・前年度比,1990年8月,全国,1402 ほうれんそう,13.0,%
前月比・前年比・前年度比,1990年8月,全国,1403 はくさい,8.1,%
前月比・前年比・前年度比,1990年8月,全国,1405 ねぎ,16.7,%
前月比・前年比・前年度比,1990年8月,全国,1406 レタス,76.9,%
前月比・前年比・前年度比,1990年8月,全国,1409 ブロッコリー,26.9,%
前月比・前年比・前年度比,1990年8月,全国,1407 もやし,-0.3,%
前月比・前年比・前年度比,1990年8月,全国,1411 さつまいも,-19.5,%
前月比・前年比・前年度比,1990年8月,全国,1412 じゃがいも,-0.7,%
前月比・前年比・前年度比,1990年8月,全国,1413 さといも,-24.5,%
前月比・前年比・前年度比,1990年8月,全国,1414 だいこん,19.1,%
前月比・前年比・前年度比,1990年8月,全国,1415 にんじん,-13.4,%
前月比・前年比・前年度比,1990年8月,全国,1416 ごぼう,-3.1,%
前月比・前年比・前年度比,1990年8月,全国,1417 たまねぎ,-0.7,%
前月比・前年比・前年度比,1990年8月,全国,1419 れんこん,-19.7,%
前月比・前年比・前年度比,1990年8月,全国,1420 ながいも,4.9,%
前月比・前年比・前年度比,1990年8月,全国,1432 さやいんげん,10.1,%
前月比・前年比・前年度比,1990年8月,全国,1433 かぼちゃ,-13.5,%
前月比・前年比・前年度比,1990年8月,全国,1434 きゅうり,21.3,%
前月比・前年比・前年度比,1990年8月,全国,1435 なす,-17.4,%
前月比・前年比・前年度比,1990年8月,全国,1436 トマト,18.3,%
前月比・前年比・前年度比,1990年8月,全国,1437 ピーマン,-1.1,%
前月比・前年比・前年度比,1990年8月,全国,1438 生しいたけ,32.9,%
前月比・前年比・前年度比,1990年8月,全国,1442 えのきたけ,0.8,%
前月比・前年比・前年度比,1990年8月,全国,0023 乾物・加工品類,0.6,%
前月比・前年比・前年度比,1990年8月,全国,0024 乾物・海藻,0.3,%
前月比・前年比・前年度比,1990年8月,全国,1453 干ししいたけ,0.0,%
前月比・前年比・前年度比,1990年8月,全国,1461 干しのり,0.0,%
前月比・前年比・前年度比,1990年8月,全国,1462 わかめ,0.6,%
前月比・前年比・前年度比,1990年8月,全国,1463 こんぶ,1.0,%
前月比・前年比・前年度比,1990年8月,全国,0025 大豆加工品,0.4,%
前月比・前年比・前年度比,1990年8月,全国,1471 豆腐,0.5,%
前月比・前年比・前年度比,1990年8月,全国,1472 油揚げ,0.5,%
前月比・前年比・前年度比,1990年8月,全国,1473 納豆,0.1,%
前月比・前年比・前年度比,1990年8月,全国,0026 他の野菜・海藻加工品,0.8,%
前月比・前年比・前年度比,1990年8月,全国,1481 こんにゃく,0.1,%
前月比・前年比・前年度比,1990年8月,全国,1482 梅干し,-0.1,%
前月比・前年比・前年度比,1990年8月,全国,1483 だいこん漬,0.6,%
前月比・前年比・前年度比,1990年8月,全国,1486 はくさい漬,3.4,%
前月比・前年比・前年度比,1990年8月,全国,1485 こんぶつくだ煮,1.0,%
前月比・前年比・前年度比,1990年8月,全国,1491 野菜缶詰,0.5,%
前月比・前年比・前年度比,1990年8月,全国,0027 果物,5.7,%
前月比・前年比・前年度比,1990年8月,全国,0028 生鮮果物,5.9,%
前月比・前年比・前年度比,1990年8月,全国,1515 オレンジ,1.0,%
前月比・前年比・前年度比,1990年8月,全国,1531 ぶどうＡ,-24.9,%
前月比・前年比・前年度比,1990年8月,全国,1532 ぶどうＢ,-27.0,%
前月比・前年比・前年度比,1990年8月,全国,1551 桃,2.3,%
前月比・前年比・前年度比,1990年8月,全国,1561 すいか,0.3,%
前月比・前年比・前年度比,1990年8月,全国,1563 メロン,2.3,%
前月比・前年比・前年度比,1990年8月,全国,1581 バナナ,-12.5,%
前月比・前年比・前年度比,1990年8月,全国,1582 キウイフルーツ,-0.8,%
前月比・前年比・前年度比,1990年8月,全国,0029 果物加工品,-0.1,%
前月比・前年比・前年度比,1990年8月,全国,0030 油脂・調味料,1.4,%
前月比・前年比・前年度比,1990年8月,全国,0031 油脂,2.6,%
前月比・前年比・前年度比,1990年8月,全国,1601 食用油,2.1,%
前月比・前年比・前年度比,1990年8月,全国,1602 マーガリン,3.9,%
前月比・前年比・前年度比,1990年8月,全国,0032 調味料,1.2,%
前月比・前年比・前年度比,1990年8月,全国,1611 食塩,0.0,%
前月比・前年比・前年度比,1990年8月,全国,1621 しょう油,1.0,%
前月比・前年比・前年度比,1990年8月,全国,1631 みそ,-0.4,%
前月比・前年比・前年度比,1990年8月,全国,1632 砂糖,0.3,%
前月比・前年比・前年度比,1990年8月,全国,1633 酢,0.1,%
前月比・前年比・前年度比,1990年8月,全国,1641 ソース,1.6,%
前月比・前年比・前年度比,1990年8月,全国,1642 ケチャップ,2.4,%
前月比・前年比・前年度比,1990年8月,全国,1643 マヨネーズ,3.0,%
前月比・前年比・前年度比,1990年8月,全国,1652 カレールウ,5.9,%
前月比・前年比・前年度比,1990年8月,全国,1653 乾燥スープ,0.6,%
前月比・前年比・前年度比,1990年8月,全国,1654 風味調味料,3.0,%
前月比・前年比・前年度比,1990年8月,全国,1656 ふりかけ,0.8,%
前月比・前年比・前年度比,1990年8月,全国,1655 たれ,-0.6,%
前月比・前年比・前年度比,1990年8月,全国,0033 菓子類,0.2,%
前月比・前年比・前年度比,1990年8月,全国,1701 ようかん,-0.1,%
前月比・前年比・前年度比,1990年8月,全国,1702 まんじゅう,0.3,%
前月比・前年比・前年度比,1990年8月,全国,1711 カステラ,0.2,%
前月比・前年比・前年度比,1990年8月,全国,1712 ケーキ,0.3,%
前月比・前年比・前年度比,1990年8月,全国,1784 ゼリー,0.2,%
前月比・前年比・前年度比,1990年8月,全国,1714 プリン,-0.3,%
前月比・前年比・前年度比,1990年8月,全国,1713 シュークリーム,-0.1,%
前月比・前年比・前年度比,1990年8月,全国,1741 せんべい,0.4,%
前月比・前年比・前年度比,1990年8月,全国,1721 ビスケット,0.1,%
前月比・前年比・前年度比,1990年8月,全国,1783 ポテトチップス,0.1,%
前月比・前年比・前年度比,1990年8月,全国,1732 キャンデー,0.1,%
前月比・前年比・前年度比,1990年8月,全国,1761 チョコレート,0.1,%
前月比・前年比・前年度比,1990年8月,全国,1782 アイスクリーム,0.2,%
前月比・前年比・前年度比,1990年8月,全国,1772 落花生,-0.1,%
前月比・前年比・前年度比,1990年8月,全国,1781 チューインガム,5.1,%
前月比・前年比・前年度比,1990年8月,全国,0034 調理食品,0.9,%
前月比・前年比・前年度比,1990年8月,全国,0035 主食的調理食品,0.3,%
前月比・前年比・前年度比,1990年8月,全国,1791 弁当Ａ,0.4,%
前月比・前年比・前年度比,1990年8月,全国,1792 調理パン,0.2,%
前月比・前年比・前年度比,1990年8月,全国,0036 他の調理食品,1.1,%
前月比・前年比・前年度比,1990年8月,全国,1801 うなぎかば焼き,1.2,%
前月比・前年比・前年度比,1990年8月,全国,1811 サラダ,0.1,%
前月比・前年比・前年度比,1990年8月,全国,1821 コロッケ,1.0,%
前月比・前年比・前年度比,1990年8月,全国,1831 豚カツ,0.3,%
前月比・前年比・前年度比,1990年8月,全国,1881 ぎょうざ,1.7,%
前月比・前年比・前年度比,1990年8月,全国,1851 冷凍調理コロッケ,0.7,%
前月比・前年比・前年度比,1990年8月,全国,1871 調理カレー,4.8,%
前月比・前年比・前年度比,1990年8月,全国,0037 飲料,0.1,%
前月比・前年比・前年度比,1990年8月,全国,0038 茶類,0.3,%
前月比・前年比・前年度比,1990年8月,全国,1902 緑茶,0.3,%
前月比・前年比・前年度比,1990年8月,全国,1911 紅茶,0.3,%
前月比・前年比・前年度比,1990年8月,全国,0039 コーヒー・ココア,0.1,%
前月比・前年比・前年度比,1990年8月,全国,1921 インスタントコーヒー,0.1,%
前月比・前年比・前年度比,1990年8月,全国,1922 コーヒー豆,0.2,%
前月比・前年比・前年度比,1990年8月,全国,0040 他の飲料,0.1,%
前月比・前年比・前年度比,1990年8月,全国,1931 果汁入り飲料,0.0,%
前月比・前年比・前年度比,1990年8月,全国,1941 野菜ジュース,0.2,%
前月比・前年比・前年度比,1990年8月,全国,1951 炭酸飲料,0.0,%
前月比・前年比・前年度比,1990年8月,全国,1972 乳酸菌飲料,0.0,%
前月比・前年比・前年度比,1990年8月,全国,0041 酒類,0.0,%
前月比・前年比・前年度比,1990年8月,全国,2003 清酒,0.0,%
前月比・前年比・前年度比,1990年8月,全国,2011 焼酎,0.0,%
前月比・前年比・前年度比,1990年8月,全国,2021 ビール,0.0,%
前月比・前年比・前年度比,1990年8月,全国,2033 ウイスキー,0.0,%
前月比・前年比・前年度比,1990年8月,全国,2041 ワイン（国産品）,0.0,%
前月比・前年比・前年度比,1990年8月,全国,2042 ワイン（輸入品）,0.9,%
前月比・前年比・前年度比,1990年8月,全国,0042 外食,0.2,%
前月比・前年比・前年度比,1990年8月,全国,0043 一般外食,0.2,%
前月比・前年比・前年度比,1990年8月,全国,2101 うどん（外食）,0.1,%
前月比・前年比・前年度比,1990年8月,全国,2102 中華そば（外食）,0.1,%
前月比・前年比・前年度比,1990年8月,全国,2112 スパゲッティ（外食）,0.1,%
前月比・前年比・前年度比,1990年8月,全国,2121 すし（外食）Ｂ,0.3,%
前月比・前年比・前年度比,1990年8月,全国,2132 天丼（外食）,0.1,%
前月比・前年比・前年度比,1990年8月,全国,2133 カレーライス（外食）,0.1,%
前月比・前年比・前年度比,1990年8月,全国,2142 豚カツ定食（外食）,0.1,%
前月比・前年比・前年度比,1990年8月,全国,2134 ぎょうざ（外食）,0.2,%
前月比・前年比・前年度比,1990年8月,全国,2141 ハンバーグ（外食）,0.2,%
前月比・前年比・前年度比,1990年8月,全国,2135 ハンバーガー（外食）,0.1,%
前月比・前年比・前年度比,1990年8月,全国,2161 サンドイッチ（外食）,0.0,%
前月比・前年比・前年度比,1990年8月,全国,2162 コーヒー（外食）Ａ,0.2,%
前月比・前年比・前年度比,1990年8月,全国,2171 ビール（外食）,0.1,%
前月比・前年比・前年度比,1990年8月,全国,0044 学校給食,0.0,%
前月比・前年比・前年度比,1990年8月,全国,2182 学校給食（小学校）,0.0,%
前月比・前年比・前年度比,1990年8月,全国,2183 学校給食（中学校）,0.0,%
前月比・前年比・前年度比,1990年8月,全国,0045 住居,0.2,%
前月比・前年比・前年度比,1990年8月,全国,0046 家賃,0.2,%
前月比・前年比・前年度比,1990年8月,全国,0047 民営家賃,0.1,%
前月比・前年比・前年度比,1990年8月,全国,3000 民営家賃,0.1,%
前月比・前年比・前年度比,1990年8月,全国,0048 公営・都市再生機構・公社家賃,0.1,%
前月比・前年比・前年度比,1990年8月,全国,3016 公営家賃,0.1,%
前月比・前年比・前年度比,1990年8月,全国,3017 都市再生機構・公社家賃,0.1,%
前月比・前年比・前年度比,1990年8月,全国,0050 持家の帰属家賃,0.2,%
前月比・前年比・前年度比,1990年8月,全国,3030 持家の帰属家賃,0.2,%
前月比・前年比・前年度比,1990年8月,全国,0051 設備修繕・維持,0.1,%
前月比・前年比・前年度比,1990年8月,全国,0052 設備材料,0.1,%
前月比・前年比・前年度比,1990年8月,全国,3101 システムバス,0.2,%
前月比・前年比・前年度比,1990年8月,全国,3121 修繕材料,0.3,%
前月比・前年比・前年度比,1990年8月,全国,0053 工事その他のサービス,0.1,%
前月比・前年比・前年度比,1990年8月,全国,3151 畳替え代,0.0,%
前月比・前年比・前年度比,1990年8月,全国,3176 水道工事費,0.0,%
前月比・前年比・前年度比,1990年8月,全国,3175 塀工事費,0.1,%
前月比・前年比・前年度比,1990年8月,全国,3174 植木職手間代,0.0,%
前月比・前年比・前年度比,1990年8月,全国,3171 ふすま張替費,0.1,%
前月比・前年比・前年度比,1990年8月,全国,3172 大工手間代,0.1,%
前月比・前年比・前年度比,1990年8月,全国,3180 火災・地震保険料,0.2,%
前月比・前年比・前年度比,1990年8月,全国,0054 光熱・水道,0.1,%
前月比・前年比・前年度比,1990年8月,全国,0056 電気代,0.0,%
前月比・前年比・前年度比,1990年8月,全国,3500 電気代,0.0,%
前月比・前年比・前年度比,1990年8月,全国,0057 ガス代,0.3,%
前月比・前年比・前年度比,1990年8月,全国,3600 都市ガス代,0.0,%
前月比・前年比・前年度比,1990年8月,全国,3612 プロパンガス,0.6,%
前月比・前年比・前年度比,1990年8月,全国,0058 他の光熱,0.2,%
前月比・前年比・前年度比,1990年8月,全国,3701 灯油,0.2,%
前月比・前年比・前年度比,1990年8月,全国,0059 上下水道料,0.0,%
前月比・前年比・前年度比,1990年8月,全国,3810 水道料,0.0,%
前月比・前年比・前年度比,1990年8月,全国,4610 下水道料,0.0,%
前月比・前年比・前年度比,1990年8月,全国,0060 家具・家事用品,-0.1,%
前月比・前年比・前年度比,1990年8月,全国,0061 家庭用耐久財,-0.3,%
前月比・前年比・前年度比,1990年8月,全国,0062 家事用耐久財,-0.2,%
前月比・前年比・前年度比,1990年8月,全国,4003 電子レンジ,0.3,%
前月比・前年比・前年度比,1990年8月,全国,4002 電気炊飯器,-0.1,%
前月比・前年比・前年度比,1990年8月,全国,4011 ガステーブル,-0.8,%
前月比・前年比・前年度比,1990年8月,全国,4021 電気冷蔵庫,-0.1,%
前月比・前年比・前年度比,1990年8月,全国,4032 電気掃除機,-0.7,%
前月比・前年比・前年度比,1990年8月,全国,4042 電気洗濯機（全自動洗濯機）,-0.6,%
前月比・前年比・前年度比,1990年8月,全国,0063 冷暖房用器具,-0.7,%
前月比・前年比・前年度比,1990年8月,全国,4063 ルームエアコン,-1.2,%
前月比・前年比・前年度比,1990年8月,全国,4072 温風ヒーター,0.0,%
前月比・前年比・前年度比,1990年8月,全国,0064 一般家具,0.0,%
前月比・前年比・前年度比,1990年8月,全国,4092 食堂セット,0.2,%
前月比・前年比・前年度比,1990年8月,全国,4083 食器戸棚,0.3,%
前月比・前年比・前年度比,1990年8月,全国,0066 室内装備品,-0.4,%
前月比・前年比・前年度比,1990年8月,全国,4115 照明器具,-0.1,%
前月比・前年比・前年度比,1990年8月,全国,4121 カーペット,0.0,%
前月比・前年比・前年度比,1990年8月,全国,4141 カーテン,-1.0,%
前月比・前年比・前年度比,1990年8月,全国,0070 寝具類,-0.6,%
前月比・前年比・前年度比,1990年8月,全国,4201 ベッド,-0.3,%
前月比・前年比・前年度比,1990年8月,全国,4211 布団,-1.0,%
前月比・前年比・前年度比,1990年8月,全国,4251 敷布,0.3,%
前月比・前年比・前年度比,1990年8月,全国,4271 布団カバー,-0.2,%
前月比・前年比・前年度比,1990年8月,全国,0073 家事雑貨,0.3,%
前月比・前年比・前年度比,1990年8月,全国,0074 食器類,0.6,%
前月比・前年比・前年度比,1990年8月,全国,4301 茶わん,0.5,%
前月比・前年比・前年度比,1990年8月,全国,4302 皿,0.8,%
前月比・前年比・前年度比,1990年8月,全国,0075 台所用品,0.2,%
前月比・前年比・前年度比,1990年8月,全国,4331 鍋,0.2,%
前月比・前年比・前年度比,1990年8月,全国,4342 スポンジたわし,0.4,%
前月比・前年比・前年度比,1990年8月,全国,0076 他の家事雑貨,-0.2,%
前月比・前年比・前年度比,1990年8月,全国,4352 電球・ランプ,-0.2,%
前月比・前年比・前年度比,1990年8月,全国,4361 タオル,-0.6,%
前月比・前年比・前年度比,1990年8月,全国,0077 家事用消耗品,0.1,%
前月比・前年比・前年度比,1990年8月,全国,0078 ティシュ・トイレットペーパー,0.2,%
前月比・前年比・前年度比,1990年8月,全国,4412 ティシュペーパー,0.6,%
前月比・前年比・前年度比,1990年8月,全国,4413 トイレットペーパー,-0.2,%
前月比・前年比・前年度比,1990年8月,全国,0079 洗剤,0.1,%
前月比・前年比・前年度比,1990年8月,全国,4431 台所用洗剤,0.7,%
前月比・前年比・前年度比,1990年8月,全国,4441 洗濯用洗剤,-0.1,%
前月比・前年比・前年度比,1990年8月,全国,0080 他の家事用消耗品,0.0,%
前月比・前年比・前年度比,1990年8月,全国,4401 ラップ,1.2,%
前月比・前年比・前年度比,1990年8月,全国,4451 殺虫剤,-0.1,%
前月比・前年比・前年度比,1990年8月,全国,4442 柔軟仕上剤,-0.9,%
前月比・前年比・前年度比,1990年8月,全国,0081 家事サービス,0.0,%
前月比・前年比・前年度比,1990年8月,全国,0174 家事代行料,0.0,%
前月比・前年比・前年度比,1990年8月,全国,4501 家事代行料,0.0,%
前月比・前年比・前年度比,1990年8月,全国,0175 清掃代,0.0,%
前月比・前年比・前年度比,1990年8月,全国,0176 他の家事サービス,0.2,%
前月比・前年比・前年度比,1990年8月,全国,4701 モップレンタル料,0.2,%
前月比・前年比・前年度比,1990年8月,全国,0082 被服及び履物,-3.0,%
前月比・前年比・前年度比,1990年8月,全国,0083 衣料,-3.8,%
前月比・前年比・前年度比,1990年8月,全国,0084 和服,0.1,%
前月比・前年比・前年度比,1990年8月,全国,5011 婦人用着物,0.2,%
前月比・前年比・前年度比,1990年8月,全国,5041 婦人用帯,0.2,%
前月比・前年比・前年度比,1990年8月,全国,0085 洋服,-4.5,%
前月比・前年比・前年度比,1990年8月,全国,0086 男子用洋服,-2.9,%
前月比・前年比・前年度比,1990年8月,全国,5101 背広服（春夏物，中級品）,-8.9,%
前月比・前年比・前年度比,1990年8月,全国,5102 背広服（秋冬物，中級品）,0.0,%
前月比・前年比・前年度比,1990年8月,全国,5111 男子用上着,0.0,%
前月比・前年比・前年度比,1990年8月,全国,5122 男子用ズボン（春夏物）,-10.3,%
前月比・前年比・前年度比,1990年8月,全国,5121 男子用ズボン（秋冬物）,0.0,%
前月比・前年比・前年度比,1990年8月,全国,5123 男子用ズボン（ジーンズ）,-0.1,%
前月比・前年比・前年度比,1990年8月,全国,5131 男子用コート,0.0,%
前月比・前年比・前年度比,1990年8月,全国,5141 男子用学校制服,0.0,%
前月比・前年比・前年度比,1990年8月,全国,0087 婦人用洋服,-5.5,%
前月比・前年比・前年度比,1990年8月,全国,5166 婦人用スーツ（春夏物，中級品）,-24.0,%
前月比・前年比・前年度比,1990年8月,全国,5162 婦人用スーツ（秋冬物，中級品）,0.0,%
前月比・前年比・前年度比,1990年8月,全国,5161 ワンピース（春夏物）,-22.8,%
前月比・前年比・前年度比,1990年8月,全国,5163 ワンピース（秋冬物）,0.0,%
前月比・前年比・前年度比,1990年8月,全国,5183 婦人用上着,0.0,%
前月比・前年比・前年度比,1990年8月,全国,5169 スカート（春夏物）,-20.2,%
前月比・前年比・前年度比,1990年8月,全国,5172 スカート（秋冬物）,0.0,%
前月比・前年比・前年度比,1990年8月,全国,5181 婦人用スラックス（秋冬物）,0.0,%
前月比・前年比・前年度比,1990年8月,全国,5179 婦人用スラックス（ジーンズ）,-0.3,%
前月比・前年比・前年度比,1990年8月,全国,5182 婦人用コート,0.0,%
前月比・前年比・前年度比,1990年8月,全国,5184 女子用学校制服,0.0,%
前月比・前年比・前年度比,1990年8月,全国,0088 子供用洋服,-4.9,%
前月比・前年比・前年度比,1990年8月,全国,5193 乳児服,0.5,%
前月比・前年比・前年度比,1990年8月,全国,0089 シャツ・セーター・下着類,-4.3,%
前月比・前年比・前年度比,1990年8月,全国,0090 シャツ・セーター類,-5.8,%
前月比・前年比・前年度比,1990年8月,全国,0091 男子用シャツ・セーター類,-3.0,%
前月比・前年比・前年度比,1990年8月,全国,5202 ワイシャツ,-0.3,%
前月比・前年比・前年度比,1990年8月,全国,5211 男子用スポーツシャツ（長袖）,0.0,%
前月比・前年比・前年度比,1990年8月,全国,5212 男子用スポーツシャツ（半袖）,-10.1,%
前月比・前年比・前年度比,1990年8月,全国,5221 男子用セーター,0.0,%
前月比・前年比・前年度比,1990年8月,全国,0092 婦人用シャツ・セーター類,-7.3,%
前月比・前年比・前年度比,1990年8月,全国,5231 ブラウス（長袖）,0.0,%
前月比・前年比・前年度比,1990年8月,全国,5232 ブラウス（半袖）,-17.9,%
前月比・前年比・前年度比,1990年8月,全国,5233 婦人用Ｔシャツ（長袖）,0.0,%
前月比・前年比・前年度比,1990年8月,全国,5234 婦人用Ｔシャツ（半袖）,-15.6,%
前月比・前年比・前年度比,1990年8月,全国,5241 婦人用セーター（長袖）,0.0,%
前月比・前年比・前年度比,1990年8月,全国,5242 婦人用セーター（半袖）,-18.5,%
前月比・前年比・前年度比,1990年8月,全国,0093 子供用シャツ・セーター類,-6.6,%
前月比・前年比・前年度比,1990年8月,全国,5243 子供用Ｔシャツ（長袖）,0.0,%
前月比・前年比・前年度比,1990年8月,全国,5244 子供用Ｔシャツ（半袖）,-16.8,%
前月比・前年比・前年度比,1990年8月,全国,0094 下着類,-0.1,%
前月比・前年比・前年度比,1990年8月,全国,0095 男子用下着類,0.0,%
前月比・前年比・前年度比,1990年8月,全国,5301 男子用シャツ（半袖）,0.0,%
前月比・前年比・前年度比,1990年8月,全国,5311 男子用パンツ,0.0,%
前月比・前年比・前年度比,1990年8月,全国,5331 男子用パジャマ,0.0,%
前月比・前年比・前年度比,1990年8月,全国,0096 婦人用下着類,-0.1,%
前月比・前年比・前年度比,1990年8月,全国,5341 ブラジャー,-0.1,%
前月比・前年比・前年度比,1990年8月,全国,5351 婦人用ショーツ,-0.1,%
前月比・前年比・前年度比,1990年8月,全国,5361 ランジェリー,-0.3,%
前月比・前年比・前年度比,1990年8月,全国,0097 子供用下着類,0.0,%
前月比・前年比・前年度比,1990年8月,全国,5372 子供用下着,0.0,%
前月比・前年比・前年度比,1990年8月,全国,0098 履物類,0.1,%
前月比・前年比・前年度比,1990年8月,全国,5601 男子靴,0.2,%
前月比・前年比・前年度比,1990年8月,全国,5611 婦人靴,-0.2,%
前月比・前年比・前年度比,1990年8月,全国,5641 子供靴,-0.3,%
前月比・前年比・前年度比,1990年8月,全国,5631 運動靴,0.7,%
前月比・前年比・前年度比,1990年8月,全国,5671 サンダル,0.2,%
前月比・前年比・前年度比,1990年8月,全国,0103 他の被服,-0.7,%
前月比・前年比・前年度比,1990年8月,全国,5501 帽子,0.0,%
前月比・前年比・前年度比,1990年8月,全国,5511 ネクタイ,-0.5,%
前月比・前年比・前年度比,1990年8月,全国,5521 男子用靴下,-5.1,%
前月比・前年比・前年度比,1990年8月,全国,5531 婦人用ストッキング,0.1,%
前月比・前年比・前年度比,1990年8月,全国,5541 婦人用ソックス,-0.2,%
前月比・前年比・前年度比,1990年8月,全国,5571 ベルト,-0.9,%
前月比・前年比・前年度比,1990年8月,全国,0106 被服関連サービス,0.0,%
前月比・前年比・前年度比,1990年8月,全国,5711 クリーニング代Ａ,0.0,%
前月比・前年比・前年度比,1990年8月,全国,5712 クリーニング代Ｂ,0.0,%
前月比・前年比・前年度比,1990年8月,全国,5721 履物修理代,0.1,%
前月比・前年比・前年度比,1990年8月,全国,0107 保健医療,0.0,%
前月比・前年比・前年度比,1990年8月,全国,0108 医薬品・健康保持用摂取品,-0.1,%
前月比・前年比・前年度比,1990年8月,全国,6001 総合かぜ薬,0.0,%
前月比・前年比・前年度比,1990年8月,全国,6002 解熱鎮痛剤,0.0,%
前月比・前年比・前年度比,1990年8月,全国,6012 胃腸薬,0.0,%
前月比・前年比・前年度比,1990年8月,全国,6021 ビタミン剤Ａ,0.1,%
前月比・前年比・前年度比,1990年8月,全国,6022 ビタミン剤Ｂ,0.0,%
前月比・前年比・前年度比,1990年8月,全国,6031 ドリンク剤,-0.1,%
前月比・前年比・前年度比,1990年8月,全国,6051 皮膚病薬,-0.1,%
前月比・前年比・前年度比,1990年8月,全国,6061 はり薬,0.3,%
前月比・前年比・前年度比,1990年8月,全国,6091 漢方薬,0.0,%
前月比・前年比・前年度比,1990年8月,全国,0109 保健医療用品・器具,0.0,%
前月比・前年比・前年度比,1990年8月,全国,6141 紙おむつ（乳幼児用）,-0.1,%
前月比・前年比・前年度比,1990年8月,全国,6101 生理用ナプキン,0.3,%
前月比・前年比・前年度比,1990年8月,全国,6095 入浴剤,-0.1,%
前月比・前年比・前年度比,1990年8月,全国,6121 眼鏡,0.0,%
前月比・前年比・前年度比,1990年8月,全国,6161 コンタクトレンズ,-0.1,%
前月比・前年比・前年度比,1990年8月,全国,6171 血圧計,0.2,%
前月比・前年比・前年度比,1990年8月,全国,0110 保健医療サービス,0.0,%
前月比・前年比・前年度比,1990年8月,全国,6200 診療代,0.0,%
前月比・前年比・前年度比,1990年8月,全国,6221 マッサージ料金,0.7,%
前月比・前年比・前年度比,1990年8月,全国,0111 交通・通信,0.1,%
前月比・前年比・前年度比,1990年8月,全国,0112 交通,0.2,%
前月比・前年比・前年度比,1990年8月,全国,0179 鉄道運賃（ＪＲ）,0.4,%
前月比・前年比・前年度比,1990年8月,全国,7527 普通運賃（ＪＲ）,0.0,%
前月比・前年比・前年度比,1990年8月,全国,7528 料金（ＪＲ，在来線）,1.7,%
前月比・前年比・前年度比,1990年8月,全国,7530 料金（ＪＲ，新幹線）,1.7,%
前月比・前年比・前年度比,1990年8月,全国,7029 通学定期（ＪＲ）,0.0,%
前月比・前年比・前年度比,1990年8月,全国,7030 通勤定期（ＪＲ）,0.0,%
前月比・前年比・前年度比,1990年8月,全国,0180 鉄道運賃（ＪＲ以外）,0.0,%
前月比・前年比・前年度比,1990年8月,全国,7008 普通運賃（ＪＲ以外）,0.0,%
前月比・前年比・前年度比,1990年8月,全国,7009 通学定期（ＪＲ以外）,0.0,%
前月比・前年比・前年度比,1990年8月,全国,7010 通勤定期（ＪＲ以外）,0.0,%
前月比・前年比・前年度比,1990年8月,全国,7050 一般路線バス代,0.0,%
前月比・前年比・前年度比,1990年8月,全国,7060 タクシー代,0.1,%
前月比・前年比・前年度比,1990年8月,全国,7070 航空運賃,0.0,%
前月比・前年比・前年度比,1990年8月,全国,0182 有料道路料,0.0,%
前月比・前年比・前年度比,1990年8月,全国,0113 自動車等関係費,0.1,%
前月比・前年比・前年度比,1990年8月,全国,0114 自動車,0.1,%
前月比・前年比・前年度比,1990年8月,全国,7105 軽乗用車,0.0,%
前月比・前年比・前年度比,1990年8月,全国,7106 小型乗用車,0.0,%
前月比・前年比・前年度比,1990年8月,全国,0115 自転車,0.4,%
前月比・前年比・前年度比,1990年8月,全国,7201 自転車Ａ,0.4,%
前月比・前年比・前年度比,1990年8月,全国,0116 自動車等維持,0.1,%
前月比・前年比・前年度比,1990年8月,全国,7301 ガソリン,0.2,%
前月比・前年比・前年度比,1990年8月,全国,7311 自動車タイヤ,0.0,%
前月比・前年比・前年度比,1990年8月,全国,7331 自動車整備費（定期点検）,0.1,%
前月比・前年比・前年度比,1990年8月,全国,7335 自動車整備費（パンク修理）,0.0,%
前月比・前年比・前年度比,1990年8月,全国,7341 自動車オイル交換料,0.0,%
前月比・前年比・前年度比,1990年8月,全国,7342 車庫借料,0.0,%
前月比・前年比・前年度比,1990年8月,全国,7343 駐車料金,0.0,%
前月比・前年比・前年度比,1990年8月,全国,7351 自動車免許手数料,0.0,%
前月比・前年比・前年度比,1990年8月,全国,7370 自動車保険料（自賠責）,0.0,%
前月比・前年比・前年度比,1990年8月,全国,7390 自動車保険料（任意）,0.0,%
前月比・前年比・前年度比,1990年8月,全国,0117 通信,0.0,%
前月比・前年比・前年度比,1990年8月,全国,7401 はがき,0.0,%
前月比・前年比・前年度比,1990年8月,全国,7402 封書,0.0,%
前月比・前年比・前年度比,1990年8月,全国,7410 通信料（固定電話）,0.0,%
前月比・前年比・前年度比,1990年8月,全国,7433 運送料,0.0,%
前月比・前年比・前年度比,1990年8月,全国,0118 教育,0.0,%
前月比・前年比・前年度比,1990年8月,全国,0119 授業料等,0.0,%
前月比・前年比・前年度比,1990年8月,全国,8001 ＰＴＡ会費（小学校）,0.0,%
前月比・前年比・前年度比,1990年8月,全国,8002 ＰＴＡ会費（中学校）,0.0,%
前月比・前年比・前年度比,1990年8月,全国,8010 中学校授業料（私立）,0.0,%
前月比・前年比・前年度比,1990年8月,全国,8020 高等学校授業料（公立）,0.0,%
前月比・前年比・前年度比,1990年8月,全国,8030 高等学校授業料（私立）,0.0,%
前月比・前年比・前年度比,1990年8月,全国,8040 大学授業料（国立）,0.0,%
前月比・前年比・前年度比,1990年8月,全国,8060 大学授業料（私立）,0.0,%
前月比・前年比・前年度比,1990年8月,全国,0120 教科書・学習参考教材,0.0,%
前月比・前年比・前年度比,1990年8月,全国,8100 学習参考教材,0.0,%
前月比・前年比・前年度比,1990年8月,全国,0121 補習教育,0.0,%
前月比・前年比・前年度比,1990年8月,全国,8201 補習教育（中学校）,0.0,%
前月比・前年比・前年度比,1990年8月,全国,0122 教養娯楽,1.4,%
前月比・前年比・前年度比,1990年8月,全国,0123 教養娯楽用耐久財,-0.1,%
前月比・前年比・前年度比,1990年8月,全国,9043 カメラ,0.1,%
前月比・前年比・前年度比,1990年8月,全国,9051 ピアノ,0.0,%
前月比・前年比・前年度比,1990年8月,全国,9061 学習用机,0.0,%
前月比・前年比・前年度比,1990年8月,全国,0128 教養娯楽用品,2.0,%
前月比・前年比・前年度比,1990年8月,全国,0129 文房具,0.1,%
前月比・前年比・前年度比,1990年8月,全国,9111 ボールペン,0.0,%
前月比・前年比・前年度比,1990年8月,全国,9121 ノートブック,0.1,%
前月比・前年比・前年度比,1990年8月,全国,0130 運動用具類,0.1,%
前月比・前年比・前年度比,1990年8月,全国,9142 ゴルフクラブ,0.1,%
前月比・前年比・前年度比,1990年8月,全国,9141 グローブ,0.2,%
前月比・前年比・前年度比,1990年8月,全国,9143 テニスラケット,0.2,%
前月比・前年比・前年度比,1990年8月,全国,9144 釣ざお,-0.3,%
前月比・前年比・前年度比,1990年8月,全国,9145 トレーニングパンツ,0.0,%
前月比・前年比・前年度比,1990年8月,全国,0131 玩具,0.1,%
前月比・前年比・前年度比,1990年8月,全国,9151 人形,0.2,%
前月比・前年比・前年度比,1990年8月,全国,9152 玩具自動車,0.0,%
前月比・前年比・前年度比,1990年8月,全国,9153 組立玩具,0.0,%
前月比・前年比・前年度比,1990年8月,全国,0132 切り花,15.3,%
前月比・前年比・前年度比,1990年8月,全国,9181 切り花（カーネーション）,14.1,%
前月比・前年比・前年度比,1990年8月,全国,9182 切り花（きく）,15.7,%
前月比・前年比・前年度比,1990年8月,全国,0133 他の教養娯楽用品,-0.2,%
前月比・前年比・前年度比,1990年8月,全国,9172 コンパクトディスク,-0.1,%
前月比・前年比・前年度比,1990年8月,全国,9193 ペットフード（ドッグフード）,-0.4,%
前月比・前年比・前年度比,1990年8月,全国,9195 電池,0.1,%
前月比・前年比・前年度比,1990年8月,全国,0134 書籍・他の印刷物,0.4,%
前月比・前年比・前年度比,1990年8月,全国,0135 新聞代,0.0,%
前月比・前年比・前年度比,1990年8月,全国,0136 雑誌,2.9,%
前月比・前年比・前年度比,1990年8月,全国,9230 週刊誌,6.1,%
前月比・前年比・前年度比,1990年8月,全国,0137 書籍,0.3,%
前月比・前年比・前年度比,1990年8月,全国,9261 単行本Ａ,0.0,%
前月比・前年比・前年度比,1990年8月,全国,9263 単行本Ｂ,0.5,%
前月比・前年比・前年度比,1990年8月,全国,0138 教養娯楽サービス,1.6,%
前月比・前年比・前年度比,1990年8月,全国,0139 宿泊料,6.4,%
前月比・前年比・前年度比,1990年8月,全国,9300 宿泊料,6.4,%
前月比・前年比・前年度比,1990年8月,全国,0140 月謝類,0.1,%
前月比・前年比・前年度比,1990年8月,全国,9326 講習料（音楽）,0.0,%
前月比・前年比・前年度比,1990年8月,全国,9313 講習料（水泳）,0.2,%
前月比・前年比・前年度比,1990年8月,全国,9320 自動車教習料,0.1,%
前月比・前年比・前年度比,1990年8月,全国,0141 他の教養娯楽サービス,0.3,%
前月比・前年比・前年度比,1990年8月,全国,0142 放送受信料,0.0,%
前月比・前年比・前年度比,1990年8月,全国,9330 放送受信料（ＮＨＫ）,0.0,%
前月比・前年比・前年度比,1990年8月,全国,0143 入場・観覧・ゲーム代,0.4,%
前月比・前年比・前年度比,1990年8月,全国,9341 映画観覧料,0.0,%
前月比・前年比・前年度比,1990年8月,全国,9350 プロ野球観覧料,0.0,%
前月比・前年比・前年度比,1990年8月,全国,9353 ゴルフ練習料金,0.0,%
前月比・前年比・前年度比,1990年8月,全国,9361 ボウリングゲーム代,0.2,%
前月比・前年比・前年度比,1990年8月,全国,9372 テーマパーク入場料,1.7,%
前月比・前年比・前年度比,1990年8月,全国,0144 他の娯楽サービス,-0.1,%
前月比・前年比・前年度比,1990年8月,全国,9391 ビデオソフトレンタル料,-0.2,%
前月比・前年比・前年度比,1990年8月,全国,0145 諸雑費,0.1,%
前月比・前年比・前年度比,1990年8月,全国,0146 理美容サービス,0.1,%
前月比・前年比・前年度比,1990年8月,全国,9511 理髪料,0.1,%
前月比・前年比・前年度比,1990年8月,全国,9521 パーマネント代,0.2,%
前月比・前年比・前年度比,1990年8月,全国,9531 カット代,0.1,%
前月比・前年比・前年度比,1990年8月,全国,0147 理美容用品,0.0,%
前月比・前年比・前年度比,1990年8月,全国,0148 理容器具,-0.5,%
前月比・前年比・前年度比,1990年8月,全国,9602 電気かみそり,-1.2,%
前月比・前年比・前年度比,1990年8月,全国,9611 歯ブラシ,0.2,%
前月比・前年比・前年度比,1990年8月,全国,0149 石けん類,0.0,%
前月比・前年比・前年度比,1990年8月,全国,9621 手洗い用石けん,0.1,%
前月比・前年比・前年度比,1990年8月,全国,9622 シャンプー,0.0,%
前月比・前年比・前年度比,1990年8月,全国,9623 歯磨き,0.1,%
前月比・前年比・前年度比,1990年8月,全国,0150 化粧品,0.0,%
前月比・前年比・前年度比,1990年8月,全国,9631 整髪料,0.0,%
前月比・前年比・前年度比,1990年8月,全国,9641 養毛剤,0.0,%
前月比・前年比・前年度比,1990年8月,全国,9650 化粧クリームＡ,0.0,%
前月比・前年比・前年度比,1990年8月,全国,9661 化粧水Ｂ,0.0,%
前月比・前年比・前年度比,1990年8月,全国,9690 乳液Ａ,0.0,%
前月比・前年比・前年度比,1990年8月,全国,9670 ファンデーションＡ,0.0,%
前月比・前年比・前年度比,1990年8月,全国,9680 口紅Ａ,0.0,%
前月比・前年比・前年度比,1990年8月,全国,0151 身の回り用品,0.2,%
前月比・前年比・前年度比,1990年8月,全国,0152 かばん類,0.2,%
前月比・前年比・前年度比,1990年8月,全国,9721 バッグＡ,0.3,%
前月比・前年比・前年度比,1990年8月,全国,9711 通学用かばん,0.0,%
前月比・前年比・前年度比,1990年8月,全国,9731 旅行用かばん,0.0,%
前月比・前年比・前年度比,1990年8月,全国,0153 腕時計・指輪,0.2,%
前月比・前年比・前年度比,1990年8月,全国,9741 指輪,0.0,%
前月比・前年比・前年度比,1990年8月,全国,9751 腕時計,0.1,%
前月比・前年比・前年度比,1990年8月,全国,0154 他の身の回り用品,0.4,%
前月比・前年比・前年度比,1990年8月,全国,9701 傘,0.4,%
前月比・前年比・前年度比,1990年8月,全国,9761 ハンカチーフ,0.2,%
前月比・前年比・前年度比,1990年8月,全国,0155 たばこ,0.0,%
前月比・前年比・前年度比,1990年8月,全国,9799 たばこ（国産品）,0.0,%
前月比・前年比・前年度比,1990年8月,全国,9798 たばこ（輸入品）,0.0,%
前月比・前年比・前年度比,1990年8月,全国,0156 他の諸雑費,0.0,%
前月比・前年比・前年度比,1990年8月,全国,9901 行政証明書手数料,0.0,%
前月比・前年比・前年度比,1990年8月,全国,0157 生鮮食品,6.2,%
前月比・前年比・前年度比,1990年8月,全国,0158 生鮮魚介（再掲）,3.7,%
前月比・前年比・前年度比,1990年8月,全国,0159 生鮮野菜（再掲）,9.1,%
前月比・前年比・前年度比,1990年8月,全国,0160 生鮮果物（再掲）,5.9,%
前月比・前年比・前年度比,1990年8月,全国,0161 生鮮食品を除く総合,0.0,%
前月比・前年比・前年度比,1990年8月,全国,0172 生鮮食品を除く食料,0.4,%
前月比・前年比・前年度比,1990年8月,全国,0163 持家の帰属家賃を除く総合,0.4,%
前月比・前年比・前年度比,1990年8月,全国,0164 持家の帰属家賃を除く住居,0.1,%
前月比・前年比・前年度比,1990年8月,全国,0165 持家の帰属家賃を除く家賃,0.1,%
前月比・前年比・前年度比,1990年8月,全国,0166 持家の帰属家賃及び生鮮食品を除く総合,0.1,%
前月比・前年比・前年度比,1990年8月,全国,0167 エネルギー,0.1,%
前月比・前年比・前年度比,1990年8月,全国,0178 生鮮食品及びエネルギーを除く総合,0.0,%
前月比・前年比・前年度比,1990年8月,全国,0168 食料（酒類を除く）及びエネルギーを除く総合,-0.1,%
前月比・前年比・前年度比,1990年8月,全国,0162 教育関係費,0.1,%
前月比・前年比・前年度比,1990年8月,全国,0173 教養娯楽関係費,1.2,%
前月比・前年比・前年度比,1990年8月,全国,0201 総合,0.4,%
前月比・前年比・前年度比,1990年8月,全国,0202 財,0.4,%
前月比・前年比・前年度比,1990年8月,全国,0241 生鮮食品を除く財,-0.2,%
前月比・前年比・前年度比,1990年8月,全国,0203 農水畜産物,4.3,%
前月比・前年比・前年度比,1990年8月,全国,0204 生鮮商品,5.3,%
前月比・前年比・前年度比,1990年8月,全国,0205 他の農水畜産物,0.0,%
前月比・前年比・前年度比,1990年8月,全国,0206 米類,0.0,%
前月比・前年比・前年度比,1990年8月,全国,0207 工業製品,-0.4,%
前月比・前年比・前年度比,1990年8月,全国,0208 食料工業製品,0.5,%
前月比・前年比・前年度比,1990年8月,全国,0211 繊維製品,-3.1,%
前月比・前年比・前年度比,1990年8月,全国,0214 石油製品,0.3,%
前月比・前年比・前年度比,1990年8月,全国,0215 他の工業製品,0.0,%
前月比・前年比・前年度比,1990年8月,全国,0218 電気・都市ガス・水道,0.0,%
前月比・前年比・前年度比,1990年8月,全国,0219 出版物,0.4,%
前月比・前年比・前年度比,1990年8月,全国,0220 サービス,0.3,%
前月比・前年比・前年度比,1990年8月,全国,0242 持家の帰属家賃を除くサービス,0.3,%
前月比・前年比・前年度比,1990年8月,全国,0221 公共サービス,0.1,%
前月比・前年比・前年度比,1990年8月,全国,0222 公営・都市再生機構・公社家賃,0.1,%
前月比・前年比・前年度比,1990年8月,全国,0223 家事関連サービス,0.0,%
前月比・前年比・前年度比,1990年8月,全国,0224 医療・福祉関連サービス,0.0,%
前月比・前年比・前年度比,1990年8月,全国,0225 運輸・通信関連サービス,0.0,%
前月比・前年比・前年度比,1990年8月,全国,0226 教育関連サービス,0.0,%
前月比・前年比・前年度比,1990年8月,全国,0227 教養娯楽関連サービス,0.0,%
前月比・前年比・前年度比,1990年8月,全国,0228 一般サービス,0.5,%
前月比・前年比・前年度比,1990年8月,全国,0229 外食,0.2,%
前月比・前年比・前年度比,1990年8月,全国,0230 民営家賃,0.1,%
前月比・前年比・前年度比,1990年8月,全国,0231 持家の帰属家賃,0.2,%
前月比・前年比・前年度比,1990年8月,全国,0232 他のサービス,0.7,%
前月比・前年比・前年度比,1990年8月,全国,0233 家事関連サービス,0.1,%
前月比・前年比・前年度比,1990年8月,全国,0234 医療・福祉関連サービス,0.0,%
前月比・前年比・前年度比,1990年8月,全国,0235 教育関連サービス,0.0,%
前月比・前年比・前年度比,1990年8月,全国,0236 通信・教養娯楽関連サービス,1.8,%
前月比・前年比・前年度比,1990年8月,全国,0237 耐久消費財,0.0,%
前月比・前年比・前年度比,1990年8月,全国,0238 半耐久消費財,-2.1,%
前月比・前年比・前年度比,1990年8月,全国,0239 非耐久消費財,1.4,%
前月比・前年比・前年度比,1990年8月,全国,0240 公共料金,0.0,%
前年同月比,1990年8月,全国,0001 総合,2.9,%
前年同月比,1990年8月,全国,0002 食料,3.9,%
前年同月比,1990年8月,全国,0003 穀類,1.1,%
前年同月比,1990年8月,全国,0004 米類,0.8,%
前年同月比,1990年8月,全国,1001 うるち米Ａ,1.1,%
前年同月比,1990年8月,全国,1002 うるち米Ｂ,0.7,%
前年同月比,1990年8月,全国,0005 パン,0.2,%
前年同月比,1990年8月,全国,1021 食パン,0.2,%
前年同月比,1990年8月,全国,1022 あんパン,0.3,%
前年同月比,1990年8月,全国,0006 麺類,4.0,%
前年同月比,1990年8月,全国,1031 ゆでうどん,2.6,%
前年同月比,1990年8月,全国,1041 そうめん,2.8,%
前年同月比,1990年8月,全国,1042 スパゲッティ,1.0,%
前年同月比,1990年8月,全国,1051 カップ麺,8.6,%
前年同月比,1990年8月,全国,1052 中華麺,0.9,%
前年同月比,1990年8月,全国,0007 他の穀類,-0.8,%
前年同月比,1990年8月,全国,1071 小麦粉,-0.9,%
前年同月比,1990年8月,全国,1081 もち,-0.8,%
前年同月比,1990年8月,全国,0008 魚介類,3.5,%
前年同月比,1990年8月,全国,0009 生鮮魚介,5.2,%
前年同月比,1990年8月,全国,1101 まぐろ,3.5,%
前年同月比,1990年8月,全国,1102 あじ,6.8,%
前年同月比,1990年8月,全国,1103 いわし,17.4,%
前年同月比,1990年8月,全国,1104 かつお,23.0,%
前年同月比,1990年8月,全国,1106 さけ,-1.5,%
前年同月比,1990年8月,全国,1107 さば,11.7,%
前年同月比,1990年8月,全国,1108 さんま,-11.1,%
前年同月比,1990年8月,全国,1110 たい,3.1,%
前年同月比,1990年8月,全国,1111 ぶり,-4.9,%
前年同月比,1990年8月,全国,1112 いか,17.5,%
前年同月比,1990年8月,全国,1113 たこ,3.7,%
前年同月比,1990年8月,全国,1114 えび,1.1,%
前年同月比,1990年8月,全国,1131 あさり,8.5,%
前年同月比,1990年8月,全国,1133 ほたて貝,4.9,%
前年同月比,1990年8月,全国,0010 塩干魚介,1.3,%
前年同月比,1990年8月,全国,1141 塩さけ,-0.5,%
前年同月比,1990年8月,全国,1142 たらこ,-0.3,%
前年同月比,1990年8月,全国,1143 しらす干し,11.0,%
前年同月比,1990年8月,全国,1144 干しあじ,7.7,%
前年同月比,1990年8月,全国,1146 煮干し,1.4,%
前年同月比,1990年8月,全国,0011 魚肉練製品,1.3,%
前年同月比,1990年8月,全国,1151 揚げかまぼこ,1.1,%
前年同月比,1990年8月,全国,1152 ちくわ,1.0,%
前年同月比,1990年8月,全国,1153 かまぼこ,1.6,%
前年同月比,1990年8月,全国,0012 他の魚介加工品,0.6,%
前年同月比,1990年8月,全国,1161 かつお節,0.5,%
前年同月比,1990年8月,全国,1173 魚介缶詰,1.5,%
前年同月比,1990年8月,全国,0013 肉類,3.0,%
前年同月比,1990年8月,全国,0014 生鮮肉,2.5,%
前年同月比,1990年8月,全国,1201 牛肉（国産品）,2.3,%
前年同月比,1990年8月,全国,1203 牛肉（輸入品）,8.8,%
前年同月比,1990年8月,全国,1211 豚肉（国産品）,3.2,%
前年同月比,1990年8月,全国,1221 鶏肉,1.2,%
前年同月比,1990年8月,全国,0015 加工肉,5.0,%
前年同月比,1990年8月,全国,1252 ハム,4.0,%
前年同月比,1990年8月,全国,1261 ソーセージ,7.5,%
前年同月比,1990年8月,全国,1271 ベーコン,4.2,%
前年同月比,1990年8月,全国,0016 乳卵類,4.8,%
前年同月比,1990年8月,全国,0017 牛乳・乳製品,1.5,%
前年同月比,1990年8月,全国,0018 牛乳,-0.1,%
前年同月比,1990年8月,全国,1303 牛乳,-0.5,%
前年同月比,1990年8月,全国,0019 乳製品,5.3,%
前年同月比,1990年8月,全国,1311 粉ミルク,-0.7,%
前年同月比,1990年8月,全国,1333 ヨーグルト,3.7,%
前年同月比,1990年8月,全国,1321 バター,-0.7,%
前年同月比,1990年8月,全国,1331 チーズ（国産品）,14.9,%
前年同月比,1990年8月,全国,0020 卵,15.6,%
前年同月比,1990年8月,全国,1341 鶏卵,15.6,%
前年同月比,1990年8月,全国,0021 野菜・海藻,13.6,%
前年同月比,1990年8月,全国,0022 生鮮野菜,20.4,%
前年同月比,1990年8月,全国,1401 キャベツ,56.8,%
前年同月比,1990年8月,全国,1402 ほうれんそう,20.0,%
前年同月比,1990年8月,全国,1403 はくさい,19.7,%
前年同月比,1990年8月,全国,1405 ねぎ,4.4,%
前年同月比,1990年8月,全国,1406 レタス,45.8,%
前年同月比,1990年8月,全国,1407 もやし,-0.5,%
前年同月比,1990年8月,全国,1411 さつまいも,-5.9,%
前年同月比,1990年8月,全国,1412 じゃがいも,14.1,%
前年同月比,1990年8月,全国,1413 さといも,-3.0,%
前年同月比,1990年8月,全国,1414 だいこん,25.8,%
前年同月比,1990年8月,全国,1415 にんじん,-4.0,%
前年同月比,1990年8月,全国,1416 ごぼう,-16.4,%
前年同月比,1990年8月,全国,1417 たまねぎ,9.5,%
前年同月比,1990年8月,全国,1419 れんこん,-14.7,%
前年同月比,1990年8月,全国,1420 ながいも,-4.2,%
前年同月比,1990年8月,全国,1432 さやいんげん,44.1,%
前年同月比,1990年8月,全国,1433 かぼちゃ,1.6,%
前年同月比,1990年8月,全国,1434 きゅうり,44.1,%
前年同月比,1990年8月,全国,1435 なす,1.3,%
前年同月比,1990年8月,全国,1436 トマト,29.3,%
前年同月比,1990年8月,全国,1437 ピーマン,27.2,%
前年同月比,1990年8月,全国,1438 生しいたけ,29.2,%
前年同月比,1990年8月,全国,0023 乾物・加工品類,3.6,%
前年同月比,1990年8月,全国,0024 乾物・海藻,2.5,%
前年同月比,1990年8月,全国,1453 干ししいたけ,1.9,%
前年同月比,1990年8月,全国,1461 干しのり,0.3,%
前年同月比,1990年8月,全国,1462 わかめ,7.2,%
前年同月比,1990年8月,全国,1463 こんぶ,3.2,%
前年同月比,1990年8月,全国,0025 大豆加工品,3.9,%
前年同月比,1990年8月,全国,1471 豆腐,3.3,%
前年同月比,1990年8月,全国,1472 油揚げ,4.4,%
前年同月比,1990年8月,全国,1473 納豆,4.5,%
前年同月比,1990年8月,全国,0026 他の野菜・海藻加工品,4.3,%
前年同月比,1990年8月,全国,1481 こんにゃく,7.8,%
前年同月比,1990年8月,全国,1482 梅干し,3.9,%
前年同月比,1990年8月,全国,1483 だいこん漬,4.2,%
前年同月比,1990年8月,全国,1485 こんぶつくだ煮,2.3,%
前年同月比,1990年8月,全国,1491 野菜缶詰,-0.7,%
前年同月比,1990年8月,全国,0027 果物,10.3,%
前年同月比,1990年8月,全国,0028 生鮮果物,10.5,%
前年同月比,1990年8月,全国,1515 オレンジ,-1.9,%
前年同月比,1990年8月,全国,1521 梨,13.6,%
前年同月比,1990年8月,全国,1531 ぶどうＡ,8.7,%
前年同月比,1990年8月,全国,1532 ぶどうＢ,0.9,%
前年同月比,1990年8月,全国,1551 桃,18.5,%
前年同月比,1990年8月,全国,1561 すいか,16.3,%
前年同月比,1990年8月,全国,1563 メロン,-0.1,%
前年同月比,1990年8月,全国,1581 バナナ,-3.2,%
前年同月比,1990年8月,全国,0029 果物加工品,2.3,%
前年同月比,1990年8月,全国,0030 油脂・調味料,2.8,%
前年同月比,1990年8月,全国,0031 油脂,5.5,%
前年同月比,1990年8月,全国,1601 食用油,4.4,%
前年同月比,1990年8月,全国,1602 マーガリン,7.7,%
前年同月比,1990年8月,全国,0032 調味料,2.3,%
前年同月比,1990年8月,全国,1611 食塩,0.0,%
前年同月比,1990年8月,全国,1621 しょう油,0.7,%
前年同月比,1990年8月,全国,1631 みそ,0.0,%
前年同月比,1990年8月,全国,1632 砂糖,0.2,%
前年同月比,1990年8月,全国,1633 酢,1.0,%
前年同月比,1990年8月,全国,1641 ソース,3.5,%
前年同月比,1990年8月,全国,1642 ケチャップ,6.3,%
前年同月比,1990年8月,全国,1643 マヨネーズ,8.4,%
前年同月比,1990年8月,全国,1652 カレールウ,6.3,%
前年同月比,1990年8月,全国,1653 乾燥スープ,0.1,%
前年同月比,1990年8月,全国,1654 風味調味料,3.6,%
前年同月比,1990年8月,全国,1656 ふりかけ,1.2,%
前年同月比,1990年8月,全国,1655 たれ,1.7,%
前年同月比,1990年8月,全国,0033 菓子類,2.5,%
前年同月比,1990年8月,全国,1701 ようかん,2.2,%
前年同月比,1990年8月,全国,1702 まんじゅう,1.5,%
前年同月比,1990年8月,全国,1711 カステラ,1.3,%
前年同月比,1990年8月,全国,1712 ケーキ,4.4,%
前年同月比,1990年8月,全国,1714 プリン,5.6,%
前年同月比,1990年8月,全国,1713 シュークリーム,2.1,%
前年同月比,1990年8月,全国,1741 せんべい,1.3,%
前年同月比,1990年8月,全国,1721 ビスケット,0.6,%
前年同月比,1990年8月,全国,1783 ポテトチップス,17.2,%
前年同月比,1990年8月,全国,1732 キャンデー,0.4,%
前年同月比,1990年8月,全国,1761 チョコレート,-0.4,%
前年同月比,1990年8月,全国,1782 アイスクリーム,0.3,%
前年同月比,1990年8月,全国,1772 落花生,-1.8,%
前年同月比,1990年8月,全国,1781 チューインガム,4.7,%
前年同月比,1990年8月,全国,0034 調理食品,1.8,%
前年同月比,1990年8月,全国,0035 主食的調理食品,1.1,%
前年同月比,1990年8月,全国,1791 弁当Ａ,1.1,%
前年同月比,1990年8月,全国,0036 他の調理食品,2.1,%
前年同月比,1990年8月,全国,1801 うなぎかば焼き,-0.6,%
前年同月比,1990年8月,全国,1811 サラダ,2.7,%
前年同月比,1990年8月,全国,1821 コロッケ,4.1,%
前年同月比,1990年8月,全国,1831 豚カツ,0.2,%
前年同月比,1990年8月,全国,1881 ぎょうざ,2.0,%
前年同月比,1990年8月,全国,1851 冷凍調理コロッケ,-1.1,%
前年同月比,1990年8月,全国,1871 調理カレー,5.4,%
前年同月比,1990年8月,全国,0037 飲料,0.3,%
前年同月比,1990年8月,全国,0038 茶類,1.0,%
前年同月比,1990年8月,全国,1902 緑茶,1.1,%
前年同月比,1990年8月,全国,1911 紅茶,0.2,%
前年同月比,1990年8月,全国,0039 コーヒー・ココア,0.0,%
前年同月比,1990年8月,全国,1921 インスタントコーヒー,-0.1,%
前年同月比,1990年8月,全国,1922 コーヒー豆,0.2,%
前年同月比,1990年8月,全国,0040 他の飲料,0.0,%
前年同月比,1990年8月,全国,1931 果汁入り飲料,0.0,%
前年同月比,1990年8月,全国,1941 野菜ジュース,-0.1,%
前年同月比,1990年8月,全国,1951 炭酸飲料,0.1,%
前年同月比,1990年8月,全国,1972 乳酸菌飲料,0.3,%
前年同月比,1990年8月,全国,0041 酒類,3.2,%
前年同月比,1990年8月,全国,2003 清酒,0.0,%
前年同月比,1990年8月,全国,2011 焼酎,0.1,%
前年同月比,1990年8月,全国,2021 ビール,6.6,%
前年同月比,1990年8月,全国,2033 ウイスキー,0.0,%
前年同月比,1990年8月,全国,2041 ワイン（国産品）,0.0,%
前年同月比,1990年8月,全国,0042 外食,1.7,%
前年同月比,1990年8月,全国,0043 一般外食,1.7,%
前年同月比,1990年8月,全国,2101 うどん（外食）,1.7,%
前年同月比,1990年8月,全国,2102 中華そば（外食）,2.1,%
前年同月比,1990年8月,全国,2112 スパゲッティ（外食）,1.8,%
前年同月比,1990年8月,全国,2121 すし（外食）Ｂ,2.0,%
前年同月比,1990年8月,全国,2132 天丼（外食）,1.1,%
前年同月比,1990年8月,全国,2133 カレーライス（外食）,1.9,%
前年同月比,1990年8月,全国,2142 豚カツ定食（外食）,1.6,%
前年同月比,1990年8月,全国,2141 ハンバーグ（外食）,1.6,%
前年同月比,1990年8月,全国,2161 サンドイッチ（外食）,1.0,%
前年同月比,1990年8月,全国,2162 コーヒー（外食）Ａ,1.6,%
前年同月比,1990年8月,全国,2171 ビール（外食）,2.4,%
前年同月比,1990年8月,全国,0044 学校給食,1.1,%
前年同月比,1990年8月,全国,2182 学校給食（小学校）,1.2,%
前年同月比,1990年8月,全国,2183 学校給食（中学校）,0.9,%
前年同月比,1990年8月,全国,0045 住居,2.9,%
前年同月比,1990年8月,全国,0046 家賃,2.7,%
前年同月比,1990年8月,全国,0047 民営家賃,2.2,%
前年同月比,1990年8月,全国,3000 民営家賃,2.2,%
前年同月比,1990年8月,全国,0048 公営・都市再生機構・公社家賃,2.7,%
前年同月比,1990年8月,全国,3016 公営家賃,2.7,%
前年同月比,1990年8月,全国,3017 都市再生機構・公社家賃,2.7,%
前年同月比,1990年8月,全国,0050 持家の帰属家賃,2.8,%
前年同月比,1990年8月,全国,3030 持家の帰属家賃,2.8,%
前年同月比,1990年8月,全国,0051 設備修繕・維持,4.1,%
前年同月比,1990年8月,全国,0052 設備材料,1.2,%
前年同月比,1990年8月,全国,3101 システムバス,1.0,%
前年同月比,1990年8月,全国,3121 修繕材料,7.9,%
前年同月比,1990年8月,全国,0053 工事その他のサービス,4.6,%
前年同月比,1990年8月,全国,3151 畳替え代,1.2,%
前年同月比,1990年8月,全国,3176 水道工事費,5.5,%
前年同月比,1990年8月,全国,3175 塀工事費,6.1,%
前年同月比,1990年8月,全国,3174 植木職手間代,5.6,%
前年同月比,1990年8月,全国,3171 ふすま張替費,3.0,%
前年同月比,1990年8月,全国,3172 大工手間代,6.6,%
前年同月比,1990年8月,全国,3180 火災・地震保険料,2.8,%
前年同月比,1990年8月,全国,0054 光熱・水道,1.8,%
前年同月比,1990年8月,全国,0056 電気代,0.0,%
前年同月比,1990年8月,全国,3500 電気代,0.0,%
前年同月比,1990年8月,全国,0057 ガス代,1.9,%
前年同月比,1990年8月,全国,3600 都市ガス代,-0.1,%
前年同月比,1990年8月,全国,3612 プロパンガス,4.4,%
前年同月比,1990年8月,全国,0058 他の光熱,13.7,%
前年同月比,1990年8月,全国,3701 灯油,14.5,%
前年同月比,1990年8月,全国,0059 上下水道料,0.9,%
前年同月比,1990年8月,全国,3810 水道料,0.7,%
前年同月比,1990年8月,全国,4610 下水道料,1.8,%
前年同月比,1990年8月,全国,0060 家具・家事用品,-0.2,%
前年同月比,1990年8月,全国,0061 家庭用耐久財,-1.4,%
前年同月比,1990年8月,全国,0062 家事用耐久財,-2.5,%
前年同月比,1990年8月,全国,4003 電子レンジ,1.0,%
前年同月比,1990年8月,全国,4002 電気炊飯器,-2.7,%
前年同月比,1990年8月,全国,4011 ガステーブル,-0.4,%
前年同月比,1990年8月,全国,4021 電気冷蔵庫,-5.1,%
前年同月比,1990年8月,全国,4032 電気掃除機,-3.3,%
前年同月比,1990年8月,全国,4042 電気洗濯機（全自動洗濯機）,-3.0,%
前年同月比,1990年8月,全国,0063 冷暖房用器具,-4.9,%
前年同月比,1990年8月,全国,4063 ルームエアコン,-12.6,%
前年同月比,1990年8月,全国,4072 温風ヒーター,0.3,%
前年同月比,1990年8月,全国,0064 一般家具,3.5,%
前年同月比,1990年8月,全国,4092 食堂セット,3.3,%
前年同月比,1990年8月,全国,0066 室内装備品,-0.3,%
前年同月比,1990年8月,全国,4121 カーペット,-0.7,%
前年同月比,1990年8月,全国,4141 カーテン,-0.9,%
前年同月比,1990年8月,全国,0070 寝具類,-0.6,%
前年同月比,1990年8月,全国,4201 ベッド,3.3,%
前年同月比,1990年8月,全国,4211 布団,-1.6,%
前年同月比,1990年8月,全国,4251 敷布,2.1,%
前年同月比,1990年8月,全国,4271 布団カバー,-0.7,%
前年同月比,1990年8月,全国,0073 家事雑貨,1.4,%
前年同月比,1990年8月,全国,0074 食器類,3.9,%
前年同月比,1990年8月,全国,4301 茶わん,4.1,%
前年同月比,1990年8月,全国,4302 皿,4.0,%
前年同月比,1990年8月,全国,0075 台所用品,0.4,%
前年同月比,1990年8月,全国,4331 鍋,0.1,%
前年同月比,1990年8月,全国,4342 スポンジたわし,2.7,%
前年同月比,1990年8月,全国,0076 他の家事雑貨,0.7,%
前年同月比,1990年8月,全国,4352 電球・ランプ,0.0,%
前年同月比,1990年8月,全国,4361 タオル,-0.1,%
前年同月比,1990年8月,全国,0077 家事用消耗品,-0.6,%
前年同月比,1990年8月,全国,0078 ティシュ・トイレットペーパー,0.8,%
前年同月比,1990年8月,全国,4412 ティシュペーパー,0.6,%
前年同月比,1990年8月,全国,4413 トイレットペーパー,1.0,%
前年同月比,1990年8月,全国,0079 洗剤,-1.3,%
前年同月比,1990年8月,全国,4431 台所用洗剤,-1.9,%
前年同月比,1990年8月,全国,4441 洗濯用洗剤,-1.3,%
前年同月比,1990年8月,全国,0080 他の家事用消耗品,-1.4,%
前年同月比,1990年8月,全国,4401 ラップ,0.5,%
前年同月比,1990年8月,全国,4451 殺虫剤,0.5,%
前年同月比,1990年8月,全国,4442 柔軟仕上剤,-5.6,%
前年同月比,1990年8月,全国,0081 家事サービス,2.0,%
前年同月比,1990年8月,全国,0174 家事代行料,4.0,%
前年同月比,1990年8月,全国,4501 家事代行料,4.0,%
前年同月比,1990年8月,全国,0175 清掃代,1.6,%
前年同月比,1990年8月,全国,0082 被服及び履物,4.8,%
前年同月比,1990年8月,全国,0083 衣料,5.6,%
前年同月比,1990年8月,全国,0084 和服,3.6,%
前年同月比,1990年8月,全国,5011 婦人用着物,2.8,%
前年同月比,1990年8月,全国,5041 婦人用帯,4.7,%
前年同月比,1990年8月,全国,0085 洋服,5.9,%
前年同月比,1990年8月,全国,0086 男子用洋服,5.4,%
前年同月比,1990年8月,全国,5101 背広服（春夏物，中級品）,4.0,%
前年同月比,1990年8月,全国,5102 背広服（秋冬物，中級品）,4.8,%
前年同月比,1990年8月,全国,5111 男子用上着,9.2,%
前年同月比,1990年8月,全国,5122 男子用ズボン（春夏物）,4.0,%
前年同月比,1990年8月,全国,5121 男子用ズボン（秋冬物）,7.8,%
前年同月比,1990年8月,全国,5123 男子用ズボン（ジーンズ）,8.4,%
前年同月比,1990年8月,全国,5131 男子用コート,3.8,%
前年同月比,1990年8月,全国,5141 男子用学校制服,3.4,%
前年同月比,1990年8月,全国,0087 婦人用洋服,6.8,%
前年同月比,1990年8月,全国,5166 婦人用スーツ（春夏物，中級品）,2.9,%
前年同月比,1990年8月,全国,5162 婦人用スーツ（秋冬物，中級品）,8.2,%
前年同月比,1990年8月,全国,5161 ワンピース（春夏物）,13.5,%
前年同月比,1990年8月,全国,5163 ワンピース（秋冬物）,1.9,%
前年同月比,1990年8月,全国,5183 婦人用上着,12.0,%
前年同月比,1990年8月,全国,5169 スカート（春夏物）,9.1,%
前年同月比,1990年8月,全国,5172 スカート（秋冬物）,4.3,%
前年同月比,1990年8月,全国,5181 婦人用スラックス（秋冬物）,7.2,%
前年同月比,1990年8月,全国,5179 婦人用スラックス（ジーンズ）,3.9,%
前年同月比,1990年8月,全国,5182 婦人用コート,5.2,%
前年同月比,1990年8月,全国,5184 女子用学校制服,3.1,%
前年同月比,1990年8月,全国,0088 子供用洋服,3.5,%
前年同月比,1990年8月,全国,5193 乳児服,4.0,%
前年同月比,1990年8月,全国,0089 シャツ・セーター・下着類,5.5,%
前年同月比,1990年8月,全国,0090 シャツ・セーター類,7.2,%
前年同月比,1990年8月,全国,0091 男子用シャツ・セーター類,5.5,%
前年同月比,1990年8月,全国,5202 ワイシャツ,2.9,%
前年同月比,1990年8月,全国,5211 男子用スポーツシャツ（長袖）,5.9,%
前年同月比,1990年8月,全国,5212 男子用スポーツシャツ（半袖）,3.3,%
前年同月比,1990年8月,全国,5221 男子用セーター,8.3,%
前年同月比,1990年8月,全国,0092 婦人用シャツ・セーター類,8.9,%
前年同月比,1990年8月,全国,5231 ブラウス（長袖）,8.4,%
前年同月比,1990年8月,全国,5232 ブラウス（半袖）,12.8,%
前年同月比,1990年8月,全国,5233 婦人用Ｔシャツ（長袖）,5.6,%
前年同月比,1990年8月,全国,5234 婦人用Ｔシャツ（半袖）,11.3,%
前年同月比,1990年8月,全国,5241 婦人用セーター（長袖）,5.7,%
前年同月比,1990年8月,全国,5242 婦人用セーター（半袖）,14.5,%
前年同月比,1990年8月,全国,0093 子供用シャツ・セーター類,5.1,%
前年同月比,1990年8月,全国,5243 子供用Ｔシャツ（長袖）,5.9,%
前年同月比,1990年8月,全国,5244 子供用Ｔシャツ（半袖）,1.8,%
前年同月比,1990年8月,全国,0094 下着類,2.1,%
前年同月比,1990年8月,全国,0095 男子用下着類,1.6,%
前年同月比,1990年8月,全国,5301 男子用シャツ（半袖）,-0.2,%
前年同月比,1990年8月,全国,5311 男子用パンツ,0.2,%
前年同月比,1990年8月,全国,5331 男子用パジャマ,3.7,%
前年同月比,1990年8月,全国,0096 婦人用下着類,3.4,%
前年同月比,1990年8月,全国,5341 ブラジャー,3.9,%
前年同月比,1990年8月,全国,5351 婦人用ショーツ,1.3,%
前年同月比,1990年8月,全国,5361 ランジェリー,4.3,%
前年同月比,1990年8月,全国,0097 子供用下着類,0.1,%
前年同月比,1990年8月,全国,5372 子供用下着,0.1,%
前年同月比,1990年8月,全国,0098 履物類,3.3,%
前年同月比,1990年8月,全国,5601 男子靴,4.5,%
前年同月比,1990年8月,全国,5611 婦人靴,2.6,%
前年同月比,1990年8月,全国,5641 子供靴,2.0,%
前年同月比,1990年8月,全国,5631 運動靴,4.4,%
前年同月比,1990年8月,全国,5671 サンダル,3.2,%
前年同月比,1990年8月,全国,0103 他の被服,3.1,%
前年同月比,1990年8月,全国,5501 帽子,3.2,%
前年同月比,1990年8月,全国,5511 ネクタイ,7.4,%
前年同月比,1990年8月,全国,5521 男子用靴下,4.0,%
前年同月比,1990年8月,全国,5531 婦人用ストッキング,0.1,%
前年同月比,1990年8月,全国,5541 婦人用ソックス,1.9,%
前年同月比,1990年8月,全国,5571 ベルト,3.2,%
前年同月比,1990年8月,全国,0106 被服関連サービス,2.2,%
前年同月比,1990年8月,全国,5711 クリーニング代Ａ,2.0,%
前年同月比,1990年8月,全国,5712 クリーニング代Ｂ,1.9,%
前年同月比,1990年8月,全国,5721 履物修理代,1.8,%
前年同月比,1990年8月,全国,0107 保健医療,0.2,%
前年同月比,1990年8月,全国,0108 医薬品・健康保持用摂取品,0.1,%
前年同月比,1990年8月,全国,6001 総合かぜ薬,0.1,%
前年同月比,1990年8月,全国,6002 解熱鎮痛剤,0.4,%
前年同月比,1990年8月,全国,6012 胃腸薬,-0.3,%
前年同月比,1990年8月,全国,6021 ビタミン剤Ａ,-0.4,%
前年同月比,1990年8月,全国,6022 ビタミン剤Ｂ,0.1,%
前年同月比,1990年8月,全国,6031 ドリンク剤,-0.2,%
前年同月比,1990年8月,全国,6051 皮膚病薬,1.2,%
前年同月比,1990年8月,全国,6061 はり薬,-0.1,%
前年同月比,1990年8月,全国,6091 漢方薬,0.6,%
前年同月比,1990年8月,全国,0109 保健医療用品・器具,-4.0,%
前年同月比,1990年8月,全国,6101 生理用ナプキン,-14.2,%
前年同月比,1990年8月,全国,6121 眼鏡,0.3,%
前年同月比,1990年8月,全国,0110 保健医療サービス,1.6,%
前年同月比,1990年8月,全国,6200 診療代,0.8,%
前年同月比,1990年8月,全国,6221 マッサージ料金,3.9,%
前年同月比,1990年8月,全国,0111 交通・通信,0.5,%
前年同月比,1990年8月,全国,0112 交通,0.7,%
前年同月比,1990年8月,全国,0179 鉄道運賃（ＪＲ）,0.0,%
前年同月比,1990年8月,全国,7527 普通運賃（ＪＲ）,0.0,%
前年同月比,1990年8月,全国,7528 料金（ＪＲ，在来線）,0.0,%
前年同月比,1990年8月,全国,7530 料金（ＪＲ，新幹線）,0.0,%
前年同月比,1990年8月,全国,7029 通学定期（ＪＲ）,0.0,%
前年同月比,1990年8月,全国,7030 通勤定期（ＪＲ）,0.0,%
前年同月比,1990年8月,全国,0180 鉄道運賃（ＪＲ以外）,0.9,%
前年同月比,1990年8月,全国,7008 普通運賃（ＪＲ以外）,1.1,%
前年同月比,1990年8月,全国,7009 通学定期（ＪＲ以外）,1.2,%
前年同月比,1990年8月,全国,7010 通勤定期（ＪＲ以外）,0.8,%
前年同月比,1990年8月,全国,7050 一般路線バス代,2.8,%
前年同月比,1990年8月,全国,7060 タクシー代,2.2,%
前年同月比,1990年8月,全国,7070 航空運賃,-0.1,%
前年同月比,1990年8月,全国,0182 有料道路料,0.0,%
前年同月比,1990年8月,全国,0113 自動車等関係費,1.0,%
前年同月比,1990年8月,全国,0114 自動車,0.7,%
前年同月比,1990年8月,全国,7105 軽乗用車,0.0,%
前年同月比,1990年8月,全国,7106 小型乗用車,0.7,%
前年同月比,1990年8月,全国,0115 自転車,0.9,%
前年同月比,1990年8月,全国,7201 自転車Ａ,0.9,%
前年同月比,1990年8月,全国,0116 自動車等維持,1.2,%
前年同月比,1990年8月,全国,7301 ガソリン,0.8,%
前年同月比,1990年8月,全国,7311 自動車タイヤ,-0.9,%
前年同月比,1990年8月,全国,7331 自動車整備費（定期点検）,0.2,%
前年同月比,1990年8月,全国,7335 自動車整備費（パンク修理）,4.2,%
前年同月比,1990年8月,全国,7341 自動車オイル交換料,1.7,%
前年同月比,1990年8月,全国,7342 車庫借料,1.7,%
前年同月比,1990年8月,全国,7343 駐車料金,5.3,%
前年同月比,1990年8月,全国,7351 自動車免許手数料,6.7,%
前年同月比,1990年8月,全国,7370 自動車保険料（自賠責）,0.0,%
前年同月比,1990年8月,全国,7390 自動車保険料（任意）,2.9,%
前年同月比,1990年8月,全国,0117 通信,-1.7,%
前年同月比,1990年8月,全国,7401 はがき,0.0,%
前年同月比,1990年8月,全国,7402 封書,0.0,%
前年同月比,1990年8月,全国,7410 通信料（固定電話）,-2.0,%
前年同月比,1990年8月,全国,7433 運送料,0.2,%
前年同月比,1990年8月,全国,0118 教育,5.2,%
前年同月比,1990年8月,全国,0119 授業料等,5.4,%
前年同月比,1990年8月,全国,8001 ＰＴＡ会費（小学校）,4.1,%
前年同月比,1990年8月,全国,8002 ＰＴＡ会費（中学校）,4.4,%
前年同月比,1990年8月,全国,8010 中学校授業料（私立）,8.1,%
前年同月比,1990年8月,全国,8020 高等学校授業料（公立）,2.7,%
前年同月比,1990年8月,全国,8030 高等学校授業料（私立）,5.4,%
前年同月比,1990年8月,全国,8040 大学授業料（国立）,8.4,%
前年同月比,1990年8月,全国,8060 大学授業料（私立）,7.7,%
前年同月比,1990年8月,全国,0120 教科書・学習参考教材,1.1,%
前年同月比,1990年8月,全国,8100 学習参考教材,1.1,%
前年同月比,1990年8月,全国,0121 補習教育,5.5,%
前年同月比,1990年8月,全国,8201 補習教育（中学校）,5.5,%
前年同月比,1990年8月,全国,0122 教養娯楽,3.6,%
前年同月比,1990年8月,全国,0123 教養娯楽用耐久財,0.8,%
前年同月比,1990年8月,全国,9043 カメラ,-5.0,%
前年同月比,1990年8月,全国,9051 ピアノ,13.3,%
前年同月比,1990年8月,全国,9061 学習用机,5.6,%
前年同月比,1990年8月,全国,0128 教養娯楽用品,2.8,%
前年同月比,1990年8月,全国,0129 文房具,0.7,%
前年同月比,1990年8月,全国,9111 ボールペン,0.0,%
前年同月比,1990年8月,全国,9121 ノートブック,1.0,%
前年同月比,1990年8月,全国,0130 運動用具類,1.0,%
前年同月比,1990年8月,全国,9142 ゴルフクラブ,-1.1,%
前年同月比,1990年8月,全国,9141 グローブ,1.6,%
前年同月比,1990年8月,全国,9143 テニスラケット,1.0,%
前年同月比,1990年8月,全国,9144 釣ざお,0.7,%
前年同月比,1990年8月,全国,9145 トレーニングパンツ,1.5,%
前年同月比,1990年8月,全国,0131 玩具,1.6,%
前年同月比,1990年8月,全国,9151 人形,4.6,%
前年同月比,1990年8月,全国,9152 玩具自動車,0.1,%
前年同月比,1990年8月,全国,9153 組立玩具,0.1,%
前年同月比,1990年8月,全国,0132 切り花,14.6,%
前年同月比,1990年8月,全国,9181 切り花（カーネーション）,16.7,%
前年同月比,1990年8月,全国,9182 切り花（きく）,12.5,%
前年同月比,1990年8月,全国,0133 他の教養娯楽用品,-1.1,%
前年同月比,1990年8月,全国,9193 ペットフード（ドッグフード）,-0.4,%
前年同月比,1990年8月,全国,0134 書籍・他の印刷物,2.0,%
前年同月比,1990年8月,全国,0135 新聞代,0.0,%
前年同月比,1990年8月,全国,0136 雑誌,4.0,%
前年同月比,1990年8月,全国,9230 週刊誌,4.2,%
前年同月比,1990年8月,全国,0137 書籍,4.8,%
前年同月比,1990年8月,全国,9261 単行本Ａ,6.1,%
前年同月比,1990年8月,全国,9263 単行本Ｂ,5.0,%
前年同月比,1990年8月,全国,0138 教養娯楽サービス,5.0,%
前年同月比,1990年8月,全国,0139 宿泊料,6.5,%
前年同月比,1990年8月,全国,9300 宿泊料,6.5,%
前年同月比,1990年8月,全国,0140 月謝類,2.8,%
前年同月比,1990年8月,全国,9326 講習料（音楽）,2.8,%
前年同月比,1990年8月,全国,9313 講習料（水泳）,2.4,%
前年同月比,1990年8月,全国,9320 自動車教習料,2.3,%
前年同月比,1990年8月,全国,0141 他の教養娯楽サービス,5.6,%
前年同月比,1990年8月,全国,0142 放送受信料,28.9,%
前年同月比,1990年8月,全国,9330 放送受信料（ＮＨＫ）,28.9,%
前年同月比,1990年8月,全国,0143 入場・観覧・ゲーム代,2.8,%
前年同月比,1990年8月,全国,9341 映画観覧料,0.2,%
前年同月比,1990年8月,全国,9350 プロ野球観覧料,3.3,%
前年同月比,1990年8月,全国,9353 ゴルフ練習料金,3.4,%
前年同月比,1990年8月,全国,9361 ボウリングゲーム代,2.5,%
前年同月比,1990年8月,全国,9372 テーマパーク入場料,4.4,%
前年同月比,1990年8月,全国,0144 他の娯楽サービス,-1.6,%
前年同月比,1990年8月,全国,0145 諸雑費,0.8,%
前年同月比,1990年8月,全国,0146 理美容サービス,1.5,%
前年同月比,1990年8月,全国,9511 理髪料,1.2,%
前年同月比,1990年8月,全国,9521 パーマネント代,1.2,%
前年同月比,1990年8月,全国,9531 カット代,1.2,%
前年同月比,1990年8月,全国,0147 理美容用品,-0.7,%
前年同月比,1990年8月,全国,0148 理容器具,-0.6,%
前年同月比,1990年8月,全国,9602 電気かみそり,-1.5,%
前年同月比,1990年8月,全国,9611 歯ブラシ,0.4,%
前年同月比,1990年8月,全国,0149 石けん類,-0.2,%
前年同月比,1990年8月,全国,9621 手洗い用石けん,-0.2,%
前年同月比,1990年8月,全国,9622 シャンプー,0.1,%
前年同月比,1990年8月,全国,9623 歯磨き,-0.7,%
前年同月比,1990年8月,全国,0150 化粧品,-0.9,%
前年同月比,1990年8月,全国,9631 整髪料,-0.2,%
前年同月比,1990年8月,全国,9641 養毛剤,0.0,%
前年同月比,1990年8月,全国,9650 化粧クリームＡ,0.0,%
前年同月比,1990年8月,全国,9661 化粧水Ｂ,-4.1,%
前年同月比,1990年8月,全国,9690 乳液Ａ,0.0,%
前年同月比,1990年8月,全国,9670 ファンデーションＡ,0.0,%
前年同月比,1990年8月,全国,9680 口紅Ａ,0.0,%
前年同月比,1990年8月,全国,0151 身の回り用品,2.5,%
前年同月比,1990年8月,全国,0152 かばん類,4.6,%
前年同月比,1990年8月,全国,9721 バッグＡ,4.8,%
前年同月比,1990年8月,全国,9711 通学用かばん,6.0,%
前年同月比,1990年8月,全国,9731 旅行用かばん,1.4,%
前年同月比,1990年8月,全国,0153 腕時計・指輪,-0.1,%
前年同月比,1990年8月,全国,9741 指輪,-0.3,%
前年同月比,1990年8月,全国,9751 腕時計,0.6,%
前年同月比,1990年8月,全国,0154 他の身の回り用品,3.0,%
前年同月比,1990年8月,全国,9701 傘,2.4,%
前年同月比,1990年8月,全国,9761 ハンカチーフ,4.1,%
前年同月比,1990年8月,全国,0155 たばこ,0.0,%
前年同月比,1990年8月,全国,9799 たばこ（国産品）,0.0,%
前年同月比,1990年8月,全国,0156 他の諸雑費,0.0,%
前年同月比,1990年8月,全国,9901 行政証明書手数料,0.0,%
前年同月比,1990年8月,全国,0157 生鮮食品,12.1,%
前年同月比,1990年8月,全国,0158 生鮮魚介（再掲）,5.2,%
前年同月比,1990年8月,全国,0159 生鮮野菜（再掲）,20.4,%
前年同月比,1990年8月,全国,0160 生鮮果物（再掲）,10.5,%
前年同月比,1990年8月,全国,0161 生鮮食品を除く総合,2.3,%
前年同月比,1990年8月,全国,0172 生鮮食品を除く食料,2.1,%
前年同月比,1990年8月,全国,0163 持家の帰属家賃を除く総合,2.9,%
前年同月比,1990年8月,全国,0164 持家の帰属家賃を除く住居,3.2,%
前年同月比,1990年8月,全国,0165 持家の帰属家賃を除く家賃,2.4,%
前年同月比,1990年8月,全国,0166 持家の帰属家賃及び生鮮食品を除く総合,2.2,%
前年同月比,1990年8月,全国,0167 エネルギー,1.7,%
前年同月比,1990年8月,全国,0178 生鮮食品及びエネルギーを除く総合,2.4,%
前年同月比,1990年8月,全国,0168 食料（酒類を除く）及びエネルギーを除く総合,2.5,%
前年同月比,1990年8月,全国,0162 教育関係費,4.4,%
前年同月比,1990年8月,全国,0173 教養娯楽関係費,3.2,%
前年同月比,1990年8月,全国,0201 総合,2.9,%
前年同月比,1990年8月,全国,0202 財,3.1,%
前年同月比,1990年8月,全国,0241 生鮮食品を除く財,2.1,%
前年同月比,1990年8月,全国,0203 農水畜産物,7.9,%
前年同月比,1990年8月,全国,0204 生鮮商品,9.9,%
前年同月比,1990年8月,全国,0205 他の農水畜産物,0.9,%
前年同月比,1990年8月,全国,0206 米類,0.8,%
前年同月比,1990年8月,全国,0207 工業製品,2.1,%
前年同月比,1990年8月,全国,0208 食料工業製品,2.1,%
前年同月比,1990年8月,全国,0211 繊維製品,4.5,%
前年同月比,1990年8月,全国,0214 石油製品,3.6,%
前年同月比,1990年8月,全国,0215 他の工業製品,-0.1,%
前年同月比,1990年8月,全国,0218 電気・都市ガス・水道,0.1,%
前年同月比,1990年8月,全国,0219 出版物,1.9,%
前年同月比,1990年8月,全国,0220 サービス,2.7,%
前年同月比,1990年8月,全国,0242 持家の帰属家賃を除くサービス,2.6,%
前年同月比,1990年8月,全国,0221 公共サービス,1.9,%
前年同月比,1990年8月,全国,0222 公営・都市再生機構・公社家賃,2.7,%
前年同月比,1990年8月,全国,0223 家事関連サービス,1.8,%
前年同月比,1990年8月,全国,0224 医療・福祉関連サービス,0.8,%
前年同月比,1990年8月,全国,0225 運輸・通信関連サービス,-0.7,%
前年同月比,1990年8月,全国,0226 教育関連サービス,3.0,%
前年同月比,1990年8月,全国,0227 教養娯楽関連サービス,28.8,%
前年同月比,1990年8月,全国,0228 一般サービス,3.0,%
前年同月比,1990年8月,全国,0229 外食,1.7,%
前年同月比,1990年8月,全国,0230 民営家賃,2.3,%
前年同月比,1990年8月,全国,0231 持家の帰属家賃,2.8,%
前年同月比,1990年8月,全国,0232 他のサービス,3.9,%
前年同月比,1990年8月,全国,0233 家事関連サービス,2.9,%
前年同月比,1990年8月,全国,0234 医療・福祉関連サービス,4.5,%
前年同月比,1990年8月,全国,0235 教育関連サービス,5.7,%
前年同月比,1990年8月,全国,0236 通信・教養娯楽関連サービス,4.0,%
前年同月比,1990年8月,全国,0237 耐久消費財,-0.1,%
前年同月比,1990年8月,全国,0238 半耐久消費財,3.6,%
前年同月比,1990年8月,全国,0239 非耐久消費財,3.3,%
前年同月比,1990年8月,全国,0240 公共料金,1.1,%
